:020000040800F2
:1000000000100020F93E00084B8400084B840008D3
:100010004B8400084B8400084B8400084B84000884
:100020004B8400084B8400084B8400084B84000874
:100030004B8400084B8400084B8400084B84000864
:100040004B8400084B8400084B8400084B84000854
:1000500095440008857A0008514700084B84000841
:100060004B8400084B8400084B840008ED490008CD
:100070004B8400084B8400084B8400084B84000824
:100080004B8400084B8400084B8400084B84000814
:100090004B8400084B840008693E00084B8400082C
:1000A0004B8400084B8400084B8400084B840008F4
:1000B0004B8400084B8400084B8400084B840008E4
:1000C0004B8400084B8400084B8400084B840008D4
:1000D0004B8400084B8400084B8400084B840008C4
:1000E0004B8400084B8400084B8400084B840008B4
:1000F0004B840008E38500084B8400084B8400080B
:100100004B8400084B8400084B8400084B84000893
:100110004B8400084B8400084B8400084B84000883
:100120004B8400084B8400084B8400084B84000873
:100130004B8400084B8400084B8400084B84000863
:100140004B8400084B8400084B8400084B84000853
:100150004B8400084B840008D98000084B840008B9
:100160004B8400084B8400084B8400084B84000833
:10017000013800D0FCE7704710B5054C237833B93F
:10018000044B13B1044800E000BF0123237010BDED
:10019000E012002000000000208C000808B5034B8E
:1001A0001BB10349034800E000BF08BD0000000088
:1001B000E4120020208C0008A3F5803A704700BFAD
:1001C000174B002B08BF134B9D46FFF7F5FF00218F
:1001D0008B460F461348144A121A08F0F8F90E4BD2
:1001E000002B00D098470D4B002B00D098470020E3
:1001F000002104000D000D48002802D00C4800E04A
:1002000000BF07F0EDFD2000290008F0C7F907F056
:10021000D3FD00BF00000800000000000000000047
:1002200000100020E0120020481A0020000000000A
:100230000000000010B5044603F0E4FE4FF47A72AB
:100240009042B0FBF2F105D23621BDE810400C48D7
:1002500008F0F9B80B4BB3FBF1F30B49884201D915
:100260003C21F2E702FB04F0B0FBF3F0022806D9D0
:10027000BDE810400323B0FBF3F0FFF779BF10BDDA
:100280006086000840420F00E7CD9A3B30B50F4C26
:1002900041612368ABB92060836011E0891A9A68D4
:1002A0001D4641612AB113465A698A42F6D955B1B1
:1002B0001A461346A860836013B15A69511A5961EE
:1002C00030BD0025F0E72060F5E700BF08130020EF
:1002D00010B500F0C7F90A4C0A4B19682368C31A15
:1002E00001B10BB9206010BD4A699A423ABF9B1A0E
:1002F0000022D21A4A6128BF00238968F0E700BFB4
:10030000FC1200200813002038B5134D2B685B69E0
:1003100093B1124A022014681C4407F0D4FE204610
:1003200000F0A8F900230E492A680B70D0888007D6
:1003300009D501230B7038BD022007F0C4FE02204E
:1003400000F0E6F9EEE79268002AF4D05069034421
:10035000012BEBD9EFE700BF08130020FC120020AF
:100360007D19002000220C490B687BB183420AD121
:1003700083687AB1936083681BB15A6941690A4402
:100380005A61002070471A469B68EEE70028EFD0BC
:10039000022070470B60EEE70813002070B507F0ED
:1003A00016FF144E05463478FCB9134B1C60134BF2
:1003B0001C60134B1C8000F00BF9012007F083FE3A
:1003C00007F0A4FE0F4B0246186020B9284607F03C
:1003D00004FF232070BD234640F2E7310A4807F0AE
:1003E0005BFB0A4B186001233370284607F0F5FECB
:1003F0000020EFE77C19002008130020FC120020E9
:10040000B41700200413002018FCFFFF0013002085
:100410002DE9F0410546F8B107F0D2FE0F4F064630
:10042000FFF756FF2846D7F80080FFF79BFF0446EA
:1004300028B1304607F0C8FE2046BDE8F081A84547
:100440003B6803D123B1FFF75FFFF2E7002BF0D148
:10045000022000F047F9ECE72224EDE70813002022
:10046000014B1868704700BF041300202DE9F84FB6
:10047000C20704460BD54F4A138801339BB2138041
:10048000FFF726FF4C4B1B680BB1FFF73DFFA3079F
:1004900040F18E8007F09BFE4FF0000A054656465D
:1004A000FFF716FFD046444FDFF814913C680CB1BB
:1004B00063698BB10022414B012E1A7003D11AF0EF
:1004C000020F18BF1E70002C62D0FFF71DFF2846D8
:1004D000BDE8F84F07F081BE23461A792179914291
:1004E00088BF1C469B6813B15A69002AF5D028467C
:1004F00007F073FED4F810A0BAF1000F4CD000F052
:10050000B1F8A269851AEB17AA4578EB030344DA20
:10051000236913440122A36123691BB312BBEB17A8
:10052000BAEB050563EB4303002B04DA40F22B51D1
:10053000484607F088FFA38B33B1E28B13449BB28C
:10054000B3F57A7F1CD2E38307F041FE8246294649
:100550002046FFF79BFEA369226950461344A3611E
:1005600007F03BFEE368B4F806A0013613B120465D
:100570002168984707F02BFE0546FFF7A9FE95E78F
:10058000A3F57A73E383A369013D013BA361DBE734
:10059000022000F0A7F89AE7554607F018FE8346B8
:1005A0002046FFF7DFFE584607F017FE0022B3E7AC
:1005B000BDE8F88FB4170020081300207E19002032
:1005C0009B860008014B1870704700BF7E19002001
:1005D00010B586B0002401213E20ADF80810CDE909
:1005E00003448DF804408DF80A40059400F09AFC0D
:1005F00001A800F015F9204602A98DF8084000F086
:100600001FF920460F2100F051F90F21204600F07C
:100610005BF900F0EBF800F0C7F84022034B9C6157
:10062000034BC3F888219A6006B010BD00800A50C1
:1006300000E100E008B501213B2000F073FC41F22D
:1006400001120021022002F065FE4FF49872002191
:10065000022002F091FE024B9A6C9A6408BD00BF22
:1006600000800A5008B500F09FF8014B986908BD5A
:1006700000800A50F8B5044607F0A2FD074600F0D6
:1006800093F8164B9D6907F01AFD0646002000F00E
:1006900029F9830704D4731B032B01D8AE420FD171
:1006A0000021631B022B98BFEC1C0846B4F1FF3FEE
:1006B0002CBF2246621E00F03DF9022007F003FD28
:1006C000384607F081FD064A137833B103498B6C35
:1006D00043F001038B6400231370F8BD00800A50BF
:1006E000DA100020830700F0010109D50122064B32
:1006F00041F002011A70054A936C23F001039364E0
:10070000002000F0D3B800BFDA10002000800A50AB
:10071000830742BF0222014B1A64704700900A50BF
:1007200007B5084B18689A889B7900906846ADF821
:1007300004208DF8063001F07FFC002003B05DF846
:1007400004FB00BFDE86000813B50024064A684695
:10075000536F43F00103536700948DF8044001F098
:100760009BFB204602B010BD0040005010B56FF05A
:10077000040250210A480B4C12F0800FD3B21BBF69
:1007800003F00F03043BA3181B1802F101020CBF76
:1007900083F8001319764C2AEED1002010BD00BF5B
:1007A00000ED00E000E100E0034B5A68D20702D5FB
:1007B000DA69002AF9D1704700800A50054B9A681F
:1007C0009107FCD45A689207F9D4DA69002AF6D165
:1007D000704700BF00800A5008B5FFF7E5FF02220E
:1007E000014B1A6108BD00BF00800A5008B5FFF731
:1007F000E5FF0122024B03F580514A601A6108BDF2
:1008000000800A5008B5044B5968012903D1FFF74D
:10081000E3FF024B596008BD00800A5000A00A5057
:1008200010B5064CFFF7CAFF6368012B03D1FFF731
:10083000E9FFFFF7C3FF0378E36010BD00800A50B3
:1008400018B17F21104807F0FEBD4A680B7812B13D
:10085000127843EAC2034A78002A14BF0222002217
:1008600013438A6812B1127843EA82138A78002A05
:1008700014BF042200221343CA6812B1127843EA5B
:100880004223024A93647047E586000800800A50BC
:1008900020B14FF48971034807F0D5BD024B59646C
:1008A000704700BFE586000800900A5020B14FF461
:1008B000A771034807F0C7BD024B5964704700BFDA
:1008C000E586000800A00A5020B14FF4C571034826
:1008D00007F0B9BD024B1964704700BFE5860008F8
:1008E00000A00A5008B530B1044840F2C51107F025
:1008F000AAFD002008BD024B186CFBE7E586000846
:1009000000800A5008B548B108484FF41D7107F03F
:100910009AFD002008BD064BD86CFBE70029FAD0F1
:100920000129F7D1024B186DF4E700BFE5860008F6
:1009300000800A5050B140F21231074807F083BDE1
:10094000064BDA647047054B1A6570470029F7D0EB
:100950000129F8D0704700BFE586000800800A50E2
:1009600008B530B1044840F2B53107F06CFD002005
:1009700008BD024B586DFBE7E586000800800A5071
:10098000044BD3F88420D206FBD4D3F88400C0F300
:10099000811070470040005038B51A4B0546D3F817
:1009A00020010C4600F00700062821D8DFE800F0FF
:1009B00028040C1410181C0003F004FB052305B1D7
:1009C000286004B1236038BD03F032FB0323F6E74F
:1009D00003F048FB0723F2E703F040FB0223EEE7B6
:1009E00003F0F0FA0623EAE703F022FB0423E6E72C
:1009F000054841F25C2107F026FD00231846DEE79A
:100A00000123DCE7008000502487000838B5194B2B
:100A10000546D3F828310C4603F00703013B052BAC
:100A200020D8DFE803F003131B0F0B1703F0CAFAFB
:100A3000052305B1286004B1236038BD03F0C2FA74
:100A40000623F6E703F00EFB0723F2E703F0F0FAC4
:100A50000323EEE703F0ECFA0423EAE703F0FEFADF
:100A60000223E6E7044841F2640107F0ECFC0023AE
:100A70001846DEE70080005024870008F7B50027FD
:100A8000144B0197D3F88041064604F00304022C6E
:100A90000D4614D0032C0DD0012C14D1394601A8D9
:100AA000FFF77AFF0F240EB1019B336005B12C6074
:100AB00003B0F0BD03F0D6FA07240190F3E703F08A
:100AC000CDFA0190EFE741F2B131034807F0BBFCEA
:100AD0003C46E8E7008000502487000838B50F4BFB
:100AE0000546D3F890320C4603F00303012B09D0DE
:100AF000022B0BD103F0B6FA072305B1286004B12D
:100B0000236038BD03F0AAFA0223F6E7044841F255
:100B1000501107F098FC00231846EEE700800050C3
:100B20002487000837B500230193194B0546D3F8F5
:100B300020320C4603F00703042B1FD8DFE803F034
:100B400025030F141900002101A8FFF75FFF1123EF
:100B50000DB1019A2A6004B1236003B030BD03F0E7
:100B600081FA07230190F3E707F07DFC0A23019047
:100B7000EEE703F0B9FA09230190E9E741F2230116
:100B8000044807F060FC0023E2E70123E0E700BF30
:100B9000008000502487000838B5104B0546D3F874
:100BA00040310C4603F00303022B0BD0032B0DD076
:100BB000012B0FD107F057FC0A2305B1286004B1BF
:100BC000236038BD03F090FA0923F6E707F04EFCE6
:100BD0000B23F2E701230020EFE700BF0080005065
:100BE00037B500230193184B0546D3F860320C4605
:100BF00003F00703013B032B1FD8DFE803F0020ECD
:100C00001914002101A8FFF7C7FE0F230DB1019AA7
:100C10002A6004B1236003B030BD002101A8FFF7B2
:100C2000BBFF1023F2E703F01DFA07230190EDE765
:100C300003F014FA02230190E8E741F2C8010348E7
:100C400007F001FC0023E1E7008000502487000842
:100C500073B500240F4B0194D3F87032064603F0AD
:100C60000303012B0D4607D0022B11D041F22611B0
:100C7000094807F0E8FB04E0214601A8FFF78CFFD4
:100C800010240EB1019B336005B12C6002B070BD21
:100C90001424F6E7008000502487000838B5164B6E
:100CA0000546D3F800020C4600F00700042819D8C6
:100CB000DFE800F020030B0F130007F0D4FB0A233A
:100CC00005B1286004B1236038BD03F00DFA092393
:100CD000F6E707F0CBFB0B23F2E703F093F90E23C3
:100CE000800AEDE7054841F26F4107F0ACFB0023B5
:100CF0001846E5E70123E3E7008000502487000859
:100D000038B5164B0546D3F808020C4600F007002C
:100D1000042819D8DFE800F020030B0F130007F0B8
:100D2000A2FB0A2305B1286004B1236038BD03F09B
:100D3000DBF90923F6E707F099FB0B23F2E703F051
:100D400061F90E23800AEDE7054841F2A74107F05B
:100D50007AFB00231846E5E70123E3E70080005013
:100D60002487000838B5104B0546D3F840320C46AE
:100D700003F00303022B0BD0032B0DD0012B0FD15B
:100D800007F071FB0A2305B1286004B1236038BD68
:100D900003F0AAF90923F6E707F068FB0B23F2E753
:100DA00001230020EFE700BF0080005038B5124B50
:100DB0000546D3F850320C4603F00303022B0FD044
:100DC000032B05D0012B0FD107F04DFB0A2302E0C6
:100DD00007F04CFB0B2305B1286004B1236038BD3C
:100DE00003F082F90923F6E7044841F2940107F081
:100DF0002AFB00231846EEE70080005024870008F5
:100E000038B5104B0546D3F860310C4603F00303A8
:100E1000022B0BD0032B0DD0012B0FD107F023FB9E
:100E20000A2305B1286004B1236038BD03F05CF9E2
:100E30000923F6E707F01AFB0B23F2E70123002052
:100E4000EFE700BF0080005010B5B0F5207F34D030
:100E500009D8B0F5007F2AD003D898B1B0F5C07F8B
:100E600010D0002421E0B0F5607FFAD1154BD3F803
:100E70008030C3F301149B0617D5032C15D040F224
:100E800095210FE00F4B1C6F230B13F00E0FC4F3D3
:100E900003340AD0032C08D0072C06D00F2C04D022
:100EA00040F28521084807F0CEFA601C10BD054BC2
:100EB000D3F89040C4F30464F7E7024B1C6FC4F30B
:100EC0008024F2E7008000502487000838B54FF4F2
:100ED0008032104B04469A6600200D46FFF7B4FF9F
:100EE00041F671320C4B6043DC69DA635A6804F4F2
:100EF000803422F440125DB9084988428CBF4FF417
:100F000080100020104358600CB10022DA6338BD15
:100F10000349F2E70090005000000350005A6202BB
:100F2000002D310170B5440905460E460ED140F240
:100F30002F310F4807F087FA05F01F05AEB104F511
:100F40008053012000FA05F51D6070BD012C08D00A
:100F5000022C08D040F23D31054807F074FA002415
:100F6000EAE7044CE8E7044CE6E704F50053E8E759
:100F700024870008648000506880005030B585B038
:100F80000021B0F5807F0446019100F0F38066D81F
:100F900058285CD858285CD8DFE810F071005B0056
:100FA0005B005B005B005B005B005B005B005B0069
:100FB0005B005B005B005B005B005B005B005B0059
:100FC0005B005B005B005B005B005B005B005B0049
:100FD0005B005B005B005B005B005B007100CF00AF
:100FE0005B00CF00E200E200E200E200E200CF009E
:100FF000E7007A00FD009A007A00CF00CF00CF0012
:101000005B005B005B005B005B005B005B00FD0066
:10101000CF00CF00CF0015010201CF005B005B00C5
:101020005B005B005B005B005B005B005B005B00E8
:101030005B005B000701E200710071007100AD0010
:101040007A007A00B5000C018F00C400C40080282B
:101050006DD040F294415E4807F0F5F96AE0B0F5D2
:10106000E06F00F09D8038D8B0F5607F6FD01AD85F
:10107000B0F5007F6BD005D8B0F5C07FE9D102F0A4
:10108000C1FF56E0B0F5207F57D0B0F5407FE0D1EA
:1010900002F0B8FF04464FF42070FFF7D5FEB4FB12
:1010A000F0F0400845E0B0F5B06F5ED00AD8B0F57A
:1010B000806F55D0B0F5A06FCBD1002101A8FFF70C
:1010C00031FD37E0B0F5C06F65D0B0F5D06FC0D15D
:1010D000002101A8FFF7E2FD2CE0B0F5286F69D0F0
:1010E00016D8B0F5186F60D00AD8B0F5F06F6AD096
:1010F000B0F5106FADD1002101A8FFF701FE19E096
:10110000B0F5206FA5D1002101A8FFF769FD11E01E
:10111000B0F5306F53D09CD3B0F5386F3BD0B0F5FD
:10112000406F96D1002101A8FFF770FC02E002F0A9
:101130004FFF0190019805B030BD02F063FF0446F7
:101140004FF42070FFF780FEB4FBF0F0F1E702F0FF
:101150003FFF05462046FFF777FEB5FBF0F0E8E7D6
:10116000002101A8FFF718FCE4E7002101A8FFF720
:1011700085FCDFE74FF0E02302911B695B0705D593
:1011800002F040FF0290029B0193D3E703A902A85B
:10119000FFF702FDF7E7002101A8FFF7FDFCC9E713
:1011A000002101A8FFF7DEFDC4E7002101A8FFF739
:1011B000FDFDBFE7002101A8FFF74AFDBAE701A83E
:1011C000FFF78CFCB6E7002101A8FFF719FEB1E795
:1011D000248700081FB50023B0F5807F019300F03D
:1011E000D68076D8582867D8382805D824380928D2
:1011F00048D940F27951BEE039381F28F9D801A307
:1012000053F820F0B1130008F3110008F31100089F
:10121000F3110008BB13000801140008F3110008C3
:10122000F3110008F3110008F3110008F31100088E
:10123000F3110008F3110008F3110008F31100087E
:10124000F3110008F3110008F3110008F31100086E
:101250000B140008F9120008F3110008F31100083C
:10126000F31100083D130008F3110008F311000802
:10127000151400081F140008F71300085F13000876
:101280005F1300080928B4D801A353F820F000BF69
:10129000F9120008F9120008F9120008F912000802
:1012A000F9120008F31100087F130008F311000879
:1012B000B11300081713000880289AD15D4B1B6FEB
:1012C00003F00703013B032B53D8DFE803F0504D35
:1012D0008890B0F5086F75D022D8B0F5C06F67D090
:1012E0000FD8B0F5A06F00F08680B0F5B06F46D093
:1012F000B0F5806F7FF47DAF002001A9FFF74CFBB4
:1013000041E0B0F5E06F7BD0B0F5F06F55D0B0F5AF
:10131000D06F7FF46EAF002001A9FFF7BFFC32E071
:10132000B0F5286F7BD00ED8B0F5186F6DD0B0F542
:10133000206F6FD0B0F5106F7FF45BAF002001A974
:10134000FFF7DEFC1FE0B0F5306F6DD0FFF451AF5A
:10135000B0F5386F2CD0B0F5406F7FF44AAF002065
:1013600001A9FFF753FB0EE0052301930BE00223D5
:10137000FBE740F2C641304807F065F803E0002083
:1013800001A9FFF77BFB019805B05DF804FB029310
:101390004FF0E0231B695B0705D502F033FE0C23F9
:1013A0000393039BE1E703A902A8FFF7F5FBF8E726
:1013B000002001A9FFF7F0FBE5E7002001A9FFF7F6
:1013C0001FFDE0E71B4BD3F8003103F00303022BB2
:1013D00007D0032B09D0012B0BD102F029FE0323E8
:1013E000C3E702F081FE0923BFE707F03AF80823BC
:1013F000BBE70123B9E7002001A9FFF793FBC2E790
:10140000002001A9FFF7AEFCBDE7002001A9FFF70E
:10141000CDFCB8E7002001A9FFF7E2FBB3E700200D
:1014200001A9FFF715FCAEE7184601A9FFF756FB27
:10143000A9E700BF00800050248700084FF4801205
:10144000034B5A664FF48032024B9A62704700BFDA
:10145000009000500050005A70B5036804460F2BEE
:1014600004D940F66D31814806F0EDFF63680F2B1B
:1014700004D94FF437617D4806F0E5FFA3680F2BD0
:1014800004D940F67331794806F0DDFF237B0F2B3A
:1014900004D940F67631754806F0D5FF637B0F2BF3
:1014A00004D940F67931714806F0CDFFA37B3F2B7C
:1014B00004D940F67C316D4806F0C5FFE37B3F2B35
:1014C00004D940F67F31694806F0BDFF2369032B3C
:1014D00004D940F68231654806F0B5FF6369032BF5
:1014E00004D940F68531614806F0ADFFE369032B6E
:1014F00004D940F688315D4806F0A5FF8020FFF74B
:1015000069FE032800F091804FF48012584B594D2A
:101510005A6645F60E034FF0A062C5F88030564B70
:101520009A624FF4803203F580539A62AB6DDA030E
:10153000FCD4AE6D16F08046FBD1D4E900231B0528
:1015400043EA0263E27B4D481343227B43EA0243B2
:10155000627B43EA0233A27B43EA82132B61AA69CE
:10156000D4E904131B0643EA816302F000421343EB
:10157000A27E4FF440611343227E43EA0243627E1F
:1015800043EA0223AB614FF4006206F0D7FDE16944
:101590002B6A00290CBF00220822E07E23F00F03F3
:1015A00043EA010343EA800343EA0203314A344D2C
:1015B00013623BD194F82430916A94F82000DB0048
:1015C0000D4043EA401394F821102B4343EA0113E2
:1015D00043F4803393622B4B916D33EA0101FBD1CD
:1015E0004FF08071244881621369A56823F4700369
:1015F00043EA055313614FF00043836194F82230AE
:101600000BB9214B996294F823303BB94FF48032E7
:101610001D4B9A62174A936D5B00FCD494F82530F9
:101620001BB1144B194AC3F8802070BD022908D1A0
:1016300016614FF47F41966115484FF4085206F049
:101640007DFD0C4994F822308A6A94F820001B062C
:10165000154043EA401394F824202B4343EAC20385
:1016600094F8232043EA02438B62D7E724870008DB
:10167000009000500040005A0050005A3840005A74
:10168000C7FFFEFE030001000060005AF1A7FFFF44
:101690003440005A014B93F900007047DB100020E2
:1016A000014B1880704700BFB810002010B5B0F58E
:1016B000207F5FD00ED8B0F5007F49D003D800B3AB
:1016C000B0F5C07F1DD040F21231BDE81040314866
:1016D00006F0B9BEB0F5607FF5D14C1E012C06D9DD
:1016E000042904D04FF43D712A4806F0ACFE2A4A82
:1016F000D2F8803023F0300343EA0413C2F880307C
:1017000010BD102901F1FF3404D8244B23FA01F154
:10171000CB0704D440F2C7211E4806F094FE06F021
:101720001EFD06F02AFD1C4A136F23F4704343EAA2
:101730000433136702F066FC0446FFF721F9C0F199
:101740000201204606F013FDBDE8104000F028B865
:101750004C1E1F2C04D940F206310E4806F073FED1
:101760000D4BD3F8901021F0F85141EA0461C3F811
:101770009010C5E74C1E012C04D94FF44371054865
:1017800006F061FE044B196F21F4806141EA842167
:101790001967B5E724870008008000501601010092
:1017A00008B54FF4C070FFF7E9FBBDE808400449F5
:1017B00088428CBF022101214FF42070FFF776BFD1
:1017C00080F0FA0270B5B0F5807F0C4600F06881B9
:1017D00076D8582868D8382805D82438092849D90F
:1017E00040F642117EE139381F28F9D801A353F899
:1017F00020F000BF1B1B0008E1170008E1170008DC
:10180000E11700085B1B0008B31C0008E117000883
:10181000E1170008E1170008E1170008E1170008C8
:10182000E1170008E1170008E1170008E1170008B8
:10183000E1170008E1170008E1170008E1170008A8
:10184000F31C0008ED180008E1170008E117000874
:10185000E11700086D190008E1170008E1170008FA
:101860001D1D00085D1D0008591C0008B119000865
:10187000B11900080928B3D801A353F820F000BF1C
:10188000ED180008ED180008ED180008ED18000824
:10189000ED180008E1170008611A0008E1170008B8
:1018A0001B1B000823190008802899D18B1E062BCA
:1018B00000F2CB80DFE803F0C6B7C9D1C9C98B00FD
:1018C000B0F5086F00F0A9813FD8B0F5C06F00F007
:1018D00024811AD8B0F5A06F00F0BE81B0F5B06FCA
:1018E00000F0BE80B0F5806F7FF47AAF013C062C2B
:1018F00000F2CF80A34B195DA34AD2F8203123F028
:1019000007030B43C2F820318CE0B0F5E06F00F024
:10191000D081B0F5F06F00F02081B0F5D06F7FF48A
:101920005FAF013C0D2C00F25881DFE814F05B0141
:1019300056015601560156015601560156014801FD
:101940005D015201560156015401B0F5286F00F0B7
:1019500005821FD8B0F5186F00F0CB81B0F5206F6D
:1019600000F0DC81B0F5106F7FF43AAF013C0D2C34
:1019700000F24A81DFE814F04D01480148014801B6
:1019800048014801480148013A014F01440148011A
:1019900048014601B0F5306F00F0F781FFF420AF49
:1019A000B0F5386F00F0B980B0F5406F7FF418AF34
:1019B000023C052C00F27681744B195D724AD2F814
:1019C000283123F007030B43C2F828312AE0002511
:1019D00004260121022000F069FA06F0C0FB06F09F
:1019E000CCFB694A136F23F007033343136702F0FC
:1019F00009FB0646FEF7C4FFC0F10201304606F0BF
:101A0000B6FB0121002000F0A9FAFFF7C9FE4DB98D
:101A1000032C07D14FF480325D4B9A625D4A936D7F
:101A20005800FCD470BD4FF480125B4B0E465A66D2
:101A30004FF48032574B9D6A03F58053C5F3006520
:101A40009A62C6E700250126C3E7002540F231610E
:101A5000524806F0F8FC2E46BBE700250226B8E700
:101A6000072C12D00F2C12D0022C05D040F27A6134
:101A70004A4806F0E8FC0024434BD3F8801121F0DB
:101A800003010C43C3F88041CCE70324F4E70124AD
:101A9000F2E740F2B961414806F0D5FC00212BE79E
:101AA0000C2924D01AD8A1F10904022C18D84FF41B
:101AB0008032354B3A49586E03F580535A664B6A6B
:101AC00043F001034B62C1035CBF364B5A664FF0D3
:101AD000E022136923F004031361A3E71029E6D081
:101AE00040F2E161BDE870402C4806F0ACBC4FF418
:101AF0008032254B2A49586E03F580535A664B6A4B
:101B000023F001034B62C3035CBF264B5A664FF0C0
:101B1000E022136943F00403DEE7013C0A2C13D8EA
:101B2000DFE804F017121212121212120619100036
:101B300002221549D1F8403123F003031343C1F8C1
:101B400040316FE70322F4E740F20171134806F0D9
:101B50007AFC0022EDE70122EBE7013C0A2C25D8B4
:101B6000DFE804F02924242424242424062B220042
:101B700002220549D1F8603123F003031343C1F871
:101B800060314FE753870008008000505A870008F3
:101B90000060005A0040005A00900050248700085E
:101BA00000C0075000A000500322E2E740F223717A
:101BB000814806F048FC0022DBE70122D9E7022336
:101BC0007E49D1F8002222F007021343C1F8003207
:101BD00028E70323F4E70423F2E74FF4EE617648A5
:101BE00006F031FC0023EBE70123E9E70223734908
:101BF000D1F8082222F007021343C1F8083211E796
:101C00000323F4E70423F2E740F294716A4806F0F4
:101C10001AFC0023EBE70123E9E74C1E082C12D83D
:101C2000DFE804F0161118111111110F050002223E
:101C30006249D1F8003123F003031343C1F80031A6
:101C4000F0E60322F4E74FF4F6615B4806F0FBFB95
:101C50000022EDE70122EBE7012C1FD0073C0A2C04
:101C600017D80A2C15D8DFE804F006141210141443
:101C7000141414141B0002235049D1F8202222F01E
:101C800007021343C1F82032CCE60323F4E7042310
:101C9000F2E740F63D01484806F0D5FB0023EBE7AC
:101CA0000123E9E740F66E01434806F0CCFB002132
:101CB00084E6013C0A2C13D8DFE804F01712121254
:101CC000121212120619100002223C49D1F84032B9
:101CD00023F003031343C1F84032A3E60322F4E7E1
:101CE00040F6AC01344806F0AEFB0022EDE70122DD
:101CF000EBE7093C022C0AD8314B195D2F4AD2F888
:101D0000503223F003030B43C2F850328AE640F608
:101D1000C801294806F097FB0021EFE70F2C17D0E8
:101D200012D8022C16D0072C16D040F6E201224819
:101D300006F089FB00222149D1F8603223F0070325
:101D40001343C1F860326DE6102CEED10222F2E7A7
:101D50000122F0E70322EEE70422ECE7102C10D07A
:101D6000142C10D04FF41161134806F06CFB0022C4
:101D70001249D1F8703223F003031343C1F87032D3
:101D800050E60122F4E70222F2E7022910D00729E7
:101D900010D040F62311084806F055FB00220749F1
:101DA000D1F8903223F003031343C1F8903239E69F
:101DB0000122F4E70222F2E72487000800800050A5
:101DC000608700080028ABBF00F16040054B00F5BC
:101DD000614000F00F00ACBF90F80003185C0009F0
:101DE000704700BF14ED00E038B5C5B24B2D044676
:101DF00004D94FF44D71074806F025FB064B6409E2
:101E000053F8240005F01F05E840C04300F001002E
:101E100038BD00BF6387000800E100E010B500F1A5
:101E20000C03DBB2572B044604D940F2C2211448FC
:101E300006F009FBEFF31083DB0702D50122104601
:101E400010BD2046FFF7D0FF02460028F6D12046FD
:101E5000FFF7B8FF0146EFF3118313B1B0EB131F87
:101E6000ECD2084B5B68C3F30803002BE7D0103BB0
:101E700058B2FFF7A7FF88428CBF00220122DEE79D
:101E80006387000800ED00E0024A536B0342FCD177
:101E9000704700BF00400950034A0179D36E23F018
:101EA00030030B43D3667047004000502DE9F041EA
:101EB0000446264BD3F88420D006FBD4D3F88430D4
:101EC000C3F381139C423ED002F082F8012C0546F8
:101ED0000BD11F4B984204D940F281711D4806F086
:101EE000B2FA0121284606F042F906F069F94FF0EE
:101EF0000072194B07465A66204606F071F94FF4F6
:101F00008063124E621E9340DFF848803367736E21
:101F10009A0103D4D6F884309B060AD5384606F0D9
:101F200053F9022C0FD12846BDE8F041002106F0FC
:101F30001EB9D6F884309906E9D540F28F71404633
:101F400006F081FAE3E7BDE8F08100BF00400050F1
:101F5000005A6202938700080060005007B518B964
:101F6000019102F035F80199064B1B7843B1064BFD
:101F7000984205D8012003B05DF804EBFFF796BF47
:101F80000220F8E77F190020005A620238B54FF0AE
:101F90000042244B244C5A664AF6CD33656C014608
:101FA00005F00105236430BB0120FFF76DFF636876
:101FB000DB0708D4002415B11B4B1C4A1A6406F039
:101FC00010F9204638BD1A4B58600846194B226B51
:101FD000D20705D4984201D10724ECE70130F6E797
:101FE0009842E7D1F8E70132236B13F0080305D0DC
:101FF0008A42F8D1F0E700220E49F5E78A42EBD099
:1020000020210B4A91620121A2F5805251600649BC
:10201000084A886A800603D49342DDD00133F8E78A
:102020009342DEE700900050004009503254FFFF19
:102030000060095040420F0038B54FF00042164B87
:1020400001465A664AF6CD33144C154A656C236432
:1020500043780B205B0043F00103D363FFF714FFC9
:1020600063688A7823F4F87343EA02136360CA78DA
:102070004B7943EA0223A3600A798B7943EA02236E
:1020800023610878FFF782FFEB0744BF054B236409
:1020900006F0A7F8012038BD00900050004009501C
:1020A000004000503254FFFF10B506F09FF80423A3
:1020B00000F5805100F500520B6113610B61136153
:1020C0000B6113610B611361202341F20201036173
:1020D0000023C360836041614FF4A02183614162AA
:1020E0000449C36103628362C36243630365D164CD
:1020F000036310BDFF3F0D0338B5194B04469842EA
:102100000D460BD0174B984208D003F580439842F8
:1021100004D04FF4B371144806F095F925B9204660
:10212000BDE8384006F062B8012204F580535A60D9
:1021300040F6FF71204605F00F0206F053F8A26347
:10214000782106F04FF805F001036A0748BF43F015
:102150000203A26C02F003029A42FAD138BD00BF1A
:102160000000015B00000A50C28700082DE9F04121
:1021700005460C46174622B94FF40971704806F01F
:1021800062F9704B9D4200F0CA806F4B9D4200F097
:10219000CB8003F580439D4200F0CB8040F22721A5
:1021A000674806F050F944B940F27631644806F0C9
:1021B0004AF92046FEF7E2FE0446AB68D90744D54B
:1021C000BC4204D240F231215D4806F03CF96B6814
:1021D00003F00108B4FBF7F35C1EFF2C04D940F2B6
:1021E0003921574806F02FF9B8F1000F2BD02821DC
:1021F000284605F0F7FFAB6C9A071ED1AB6CDB07E6
:102200001DD4AE6C16F002061BD140F246214C489C
:1022100006F019F9284605F0E9FF2B6923F07F4302
:1022200043EA04632B61B8F1000F00F08780314668
:102230002846BDE8F041FFF75FBF0526EAE709261B
:10224000E8E70626E6E74646E7E76B68012B04D099
:1022500040F259213A4806F0F6F8A96801F0E00189
:10226000402946D009D8B9B1202938D040F29B2165
:10227000BDE8F041324806F0E6B8602945D0802933
:10228000F4D107EB4703A34204D940F295212C482F
:1022900006F0D9F8012308E0B7EB141F04D940F287
:1022A0008121274806F0CFF810237B436401B4FB5B
:1022B000F3F3264E203BB6EBC30F4FEAC30404D220
:1022C00040F2A6211E4806F0BEF8284634400121FF
:1022D00005F088FF2C63BDE8F04105F083BFB7EB44
:1022E000D40F04D940F28621154806F0ACF8082333
:1022F000DBE70626B4FBF6F3BB4204D240F28B21A7
:102300000F4806F0A0F83346CFE7B7EB940F04D997
:102310004FF424710A4806F096F80423C5E7002C10
:102320007FF44BAF562444E7002C7FF446AF57248C
:102330003FE7002C7FF441AF58243AE7BDE8F08135
:10234000C28700080000015B00000A50F8FF7F0010
:1023500070B5824B044698420D460AD0804B984295
:1023600007D003F58043984203D0DF217D4806F073
:102370006AF81DB9E1217B4806F065F86A7BAB6815
:102380007AB1794A934203D9E321764806F05BF8A3
:102390002B69D3B1DB7BC3B1E621724806F053F859
:1023A00013E0724A934203D9E9216E4806F04BF8D4
:1023B0002B6953B11A7F42B1A9686D4A5B7F914284
:1023C00040F2A080042B00F2A08063682E6923B144
:1023D00040F6FF71204605F005FF2046FFF764FE3A
:1023E00022696B7BA97B22F087020B43134343F0E6
:1023F0008003236116B32A692369117823F0F80357
:102400000B43117F43EAC113117943EA4113517A17
:1024100043EA0113D17B43EA81132361E168D2E9E6
:10242000053021F0F04121F4702103430B43117B6F
:10243000527B43EA812343EAC233E360A368EA7B29
:1024400023F00303134343F00103A3602EB32A696F
:10245000A168538803F4C0430B43A3605179A36878
:1024600043EA8123A3609379D079616A1B0100025A
:1024700003F0700300F4E06021F4772121F4EE61B1
:1024800003430B43117A527F090301F4E041120424
:102490000B4302F470221343636263692A7B23F0C7
:1024A0000F0313436361B6B12B695A89A2615A7B4A
:1024B0003AB12A4A94422AD19A7B2E4902F00F025D
:1024C0004A66DA7B3AB1254A944233D11B7C294AC9
:1024D00003F00F031366D5E901122046FFF746FE0D
:1024E00005212046FFF708FE2821204605F07AFE48
:1024F0002B78A36305F076FEA36CDB4313F4405FF7
:10250000FAD170BD042B3FF660AFF02145E7144AC5
:10251000944209D002F580429442D2D19A7B154967
:1025200002F00F02CA67CCE79A7B124902F00F0251
:102530000A67C6E70A4A944209D002F580429442EB
:10254000C9D11B7C0B4A03F00F039367C3E71B7CC5
:10255000084A03F00F03D366BDE700BF0000015B2C
:1025600000000A50C2870008002D310180969800B3
:102570003F4B4C000090035070B5436804460D4635
:1025800016461BB140F6FF7105F02CFE2046FFF702
:102590008BFDE9896B7B62690B43298A22F44C52DB
:1025A0000B4322F00F0213436361A2682B7B297E49
:1025B00022F0804222F0E2020B4313436A69134384
:1025C000A360AB681BB9A36843F00043A360EB6949
:1025D000002B64D0A16898885B4A00F4C0400A4090
:1025E00010431A7A40EA82509A7A40EA42405A7876
:1025F00040EA82005A7B40EAC2009A7B40EA02101D
:102600009A7840EA8220A060E068D3E904210A4376
:102610004E4901400A43997942EA8122D97942EA36
:102620004122E2601A7802F0FD01012908BFE16849
:10263000A2F1020204BF41F00401E160012A444A10
:102640004ED8944248D0434A944247D002F5804243
:1026500094420CBF02224FF0FF323F495201114415
:1026600002224A605A7A04F580518A621AB1E268FD
:1026700042F40062E260DA7A5AB1E26842F400425F
:10268000E260334A94423ED11A7B344902F00F0291
:102690004A66626ADB7B22F00302134363623EB147
:1026A00096F8203004F58051002B3FD001230B62B7
:1026B00005212046FFF720FDAA681AB12046696867
:1026C000FFF754FD20462978FFF716FDA36CDB4386
:1026D00013F4405FFAD170BD0022BEE70122BCE7CF
:1026E00094420CD01B4A94420BD002F58042944293
:1026F0000CBF02224FF0FF3219495201AFE700220E
:10270000FAE70122F8E7134A944209D002F5804221
:102710009442BED11A7B114902F00F02CA67B8E792
:102720001A7B0E4902F00F020A67B2E7E26996F8D7
:10273000223096F8210022F009020343134343F0AC
:102740000103CB61B4E700BFE39BBDFFFFF9F08756
:102750000000015B00000A50C0D4035000900350F9
:10276000C0E4035038B5154B044698420D460AD0D4
:10277000134B984207D003F58043984203D0702151
:10278000104805F060FE1DB972210E4805F05BFE91
:102790002B7B802B03D176210A4805F054FE6B7BFE
:1027A000032B03D97921074805F04DFE2946204621
:1027B000BDE838400022FFF7DFBE00BF0000015B2C
:1027C00000000A50C287000838B50D460446B0B173
:1027D000012817D0022817D0032803D13F23EB404C
:1027E000DB0704D440F22D41094805F02CFE3020CF
:1027F00001214443074B01FA05F51D5138BD40F254
:10280000FF13ECE77F23EAE740F2FF33E7E700BF7F
:10281000F487000840D0035038B50D460446B0B1E7
:10282000012817D0022817D0032803D13F23EB40FB
:10283000DB0704D440F2FE31094805F004FE3020E5
:1028400001214443074B01FA05F51D5138BD40F203
:10285000FF13ECE77F23EAE740F2FF33E7E700BF2F
:10286000F487000840E003502DE9F0410D4617467B
:1028700098460446002835D0012836D0022836D0A4
:10288000032803D13F23EB40DB0704D44FF4B0719E
:102890001D4805F0D8FD37B129462046B8F1000F94
:1028A00028D0FFF791FF0F21072D04EB440688BFC6
:1028B000A5F108034FEA0616144895BFAB009B002C
:1028C00004360C3607FA03F29940304405F0C1FC97
:1028D000BFB929462046B8F1000F0ED0BDE8F0413F
:1028E000FFF772BF40F2FF13CDE77F23CBE740F243
:1028F000FF33C8E7FFF790FFD5E7BDE8F041FFF7EA
:102900008BBFBDE8F08100BF5C88000830C0035079
:102910004369DA01FCD4012300F50050024A436008
:1029200053689B07FCD470470040005938B5134BDF
:10293000044698420D4604D04FF42771104805F024
:1029400082FD012104F5805362685960AB782988C3
:102950001B0403F480330B43E978002914BF4FF4C0
:10296000003100210B43C4F89830D30704D420462B
:10297000BDE83840FFF7CCBF38BD00BF004000596C
:102980008C88000870B5294B064698420C461546BF
:1029900004D04FF41971264805F055FDA378062B95
:1029A00004D940F26721224805F04DFD3046FFF77B
:1029B000AFFF2378304603F007026378002BA3783B
:1029C00018BF08214FEA031303F0700343EA020320
:1029D000E27808BF0021002A14BF4FF48072002261
:1029E0000B4313433367F26A237922F48B321B02C1
:1029F00022F4807203F4E0631343627929461203E0
:102A000002F480521343A279002A14BF4FF480329B
:102A100000221343F362FFF789FF012206F580537A
:102A20005A60E37903B1F26070BD00BF0040005905
:102A30008C88000810B5144B0C46984204D040F224
:102A40006F31124805F0FFFC74B92A20FEF796FAA0
:102A50000446B0B10E4B984206D90B4B9B68C3F3AA
:102A600002730133B0FBF3F40A4804F5742404F252
:102A70003F24B4FBF0F4601E7F2828BF7F20C0B243
:102A800010BD0124F0E700BF004000598C88000809
:102A9000005A620240420F0038B5134B0C46984270
:102AA000154604D040F2AA31104805F0CCFC24B9F8
:102AB00040F2AB310D4805F0C6FC0D498C4228BFF1
:102AC0000C461DB92A20FEF759FA0546621E154428
:102AD000B5FBF4F0A54228BF00F1FF30032828BF62
:102AE0000320C0B238BD00BF004000598C880008E8
:102AF000005A6202F8B51F46194B0E46984214461A
:102B000004D04FF47971174805F09DFC26B940F2C6
:102B1000E531144805F097FCFFB1134A134D012F1E
:102B200008BF1546B54228BF35461CB92A20FEF716
:102B300025FA04469DF8182040F2FF300132B4FB1C
:102B4000F2F46A1E1444B4FBF5F3AC4228BF03F15F
:102B5000FF33984228BF1846F8BD054DE2E700BF95
:102B6000004000598C880008002D3101404B4C007A
:102B70008096980013B5044601A800F019FC042CB7
:102B800004D8064B33F8140002B010BD044840F2DC
:102B9000914105F058FC0020F6E700BFD4880008FA
:102BA0008C8800082DE9F04F2DED048B8DB0064682
:102BB000DFF82CC306AF0C461546BCE80F000FC764
:102BC0009CE80300BA4B87E803009E4203D0F12142
:102BD000B84805F038FCB84F002239463046FFF7B8
:102BE0005BFF6379984238BF18465FFA80F8304639
:102BF000FFF78EFE207950B92A20FEF7BFF9B842C0
:102C0000014628BFB0FBF8F13046FFF713FFE37829
:102C10004FEA08721B0102F0E04203F03003134355
:102C20000004227800F4FE0003430AB143F00203DB
:102C300062780AB143F00403A2780AB143F00803B2
:102C40004FF0000AB360E38822893361638943EA65
:102C500002433362964B9E4202D1BAF1020F08D171
:102C6000012306F5805673600DB0BDEC048BBDE802
:102C7000F08F2B78AF68002B4DD09049904A012BF4
:102C800018BF11468A4C00222046CDF800800393DD
:102C9000FFF730FFBFB2874238BF074604EB0A1484
:102CA000A16CDFF840C2039B01EA0C0C6978B946BD
:102CB000890003F0030747EA0C0701F01C010F43EA
:102CC000A97828794901C9B20F43E9784FEA0A1B6C
:102CD000090301F4E0413943070407F4E0273943CD
:102CE0002F7C7F0507F4600739436F793F0707F0B2
:102CF00040573943A164A16C0AF10507C1F30231C1
:102D000001F1FF3C6F4CBCF1040F33D8DFE80CF04D
:102D10003232051422006C49B4E7D4F88041012B0B
:102D20004FEA14442ED9022B00F0198140F2F11120
:102D3000604805F088FB9AE0D4F88441012BA4B2E6
:102D4000F1D86049002B40F0AA80D1F88C11091409
:102D500049001DE0D4F88441012B4FEA1444E2D825
:102D60005849002B40F09E80D1F88C11091401EBDA
:102D700041010DE0D4F88041012BA4B2D3D803293E
:102D800040F084804F49002B7DD1D1F88C1109147B
:102D900007EE901AF8EEE77A22040BF1B24202F540
:102DA0008042926C24F4C041C2F3820C4FF00102C5
:102DB0000CF1010E02FA0EFE07EE10EA4FEA814115
:102DC000B8EEC79AF6EE008A3E4A48BF41F000418D
:102DD000BCF1000F40F08880002B66D1D2F88C3116
:102DE0001BB208EE103AB8EEC88A37EE888A00287F
:102DF00040F09D8005A8039100F0DAFADFED337A08
:102E000068EE277A0399DFED326A86EE897ADFED84
:102E1000316A27EE267AF1EE006AB1F1004F07EE33
:102E2000A67A0BD0DFED2C7A06EE104A77EE276AF1
:102E3000BAEEE86A56EE267AB0EE677AB5EEC07A58
:102E4000F1EE10FACABFB1EE477A38EEC77A37EE24
:102E5000687AFDEEC77A17EE903AB3F5003F75DB5E
:102E60006FEA51416FEA4141114A3B01D1503F01A4
:102E700007F1B247C9F3090007F5804778600AF106
:102E8000010A1435E6E6D1F8941180E704293FF4ED
:102E900058AF05293FF464AFDFED107A7CE7D1F835
:102EA000941154E7D1F8941160E7D2F8943197E780
:102EB000004000598C880008005A6202002D310140
:102EC000404B4C000080E00F809698003D3B843FD3
:102ED0000000804300002044000000490000000082
:102EE000BC880008008F18CFABB9D2F890311BB264
:102EF00007EE103AB8EEC77A77EE677A29EE287AAD
:102F0000634B87EE878AD3F888311BB207EE903A7D
:102F1000F8EEE77A69E7D2F898311BB207EE103A7B
:102F2000B8EEC77A37EE677A77EE877AE6E7D5EDBF
:102F3000037ADFED586AF8EE677A87EEA67AF7EE45
:102F4000046AC6EE877A67EE887A5CE713F5003F7D
:102F5000AABFC3F3110341F40031194384E7FFF71B
:102F600009FE07EE900A0BF1B24303F580439B6C18
:102F70000CAAC3F3421302EB830353ED066A9FEDE1
:102F8000457AF8EE677AC7EE874AFCEEE67A17EEE6
:102F9000903AF7EE007A5C2B1CBF36EEA77A86EEED
:102FA000876A07EE104A9FED3C5AB8EE477A08BF91
:102FB0009FED3A6A27EE057A27EE067A9FED386A8A
:102FC00027EE067AB5EEC07AF6EE005AF1EE10FA68
:102FD0004CBF37EE657A37EE257A0BF1B24202F537
:102FE0008042136DBDEEC77A0023136517EE103AC9
:102FF00017EE100A13F4004F136D9FED2A6A18BFE5
:1030000043F000431365284B116D03EA80430B43E3
:1030100013651F4BD3F88811D3F88831116D1BB29B
:1030200007EE103AB8EEC77A37EE067A9FED1F6AC0
:1030300086EE264A76EEA76A84EE266AF7EE046AE2
:10304000C6EEA47AF0EE466A27EE877AF1EE007AB1
:1030500047EE276A07EE104ADFED157AB8EEC77A19
:1030600076EEA76A25EE477A46EE877AF5EEC07AC5
:10307000F1EE10FA4CBF77EEE57A77EEA57AFDEE29
:10308000E77A17EE903AC3F311030B431365EEE6AC
:103090000080E00F00007A4400000038E71B753F15
:1030A00000000047000000000000FC7F0000804896
:1030B0000000004910B5044618B991211F4805F0D9
:1030C000C2F923781B0613F0604F03D092211B48EE
:1030D00005F0B9F9E3780F2B03D9A321174805F0C0
:1030E000B2F901212020FDF71DFF01212120FDF76C
:1030F00019FF0122124B5A60227812069A606178F9
:10310000A27842EA01429A61FF229A6200229A63FF
:103110001A644FF000425A654FF0FF324FF48001BD
:1031200003F500531A65074AC2F88011E3781B01C2
:10313000DBB282F81633116010BD00BFDE880008D4
:103140000000045000E100E02DE9F0410126C3B287
:10315000072805460C46904606FA03F603DDEC21E7
:10316000364805F070F91CB9ED21344805F06BF9CB
:10317000236823F47C1323F00F031BB1F0212F48A5
:1031800005F061F9A37A1B0413F47C0F04D040F21C
:1031900009112A4805F057F9E37A1B0513F07E6FF1
:1031A00004D040F20B11254805F04DF9237B5B0557
:1031B00013F0FE5F04D040F20D11204805F043F9F2
:1031C00030201F4F1F4B617B1E65AB0000FB057558
:1031D000226803F1A04303F588235A602966E37A45
:1031E000A27A1B0543EA0243227B43EA425328F0BA
:1031F0000302EB652A6704F0EAFF7B6D33437B65CE
:10320000237A13B13B6C33433B64637A13B1BB6BDA
:103210003343BB632279A37943EA0243094A9361AA
:103220006179E37943EA014307498B61044B5663B3
:103230009E64BDE8F04104F0D0BF00BFDE88000806
:103240000000045000200450001004504FF480325D
:10325000054B9A6641F6713203F51C33DA6301229D
:1032600003F50053DA6070470090005008B5242839
:1032700015D820280AD8012819D00C2819D068B1EF
:103280000E48B62105F0DFF8002007E022380228BA
:1032900003D8DFE800F010080A00012008BD32283A
:1032A000EED10620FAE70420F8E70520F6E7032030
:1032B000F4E70720F2E70220F0E700BFA489000846
:1032C00010B50C280C4617D003D801280FD0204683
:1032D00010BD242808D82028F9D9042CF7D9F621C4
:1032E0000B4805F0B0F8F2E73228F6D0EFE70229F4
:1032F000EDD940F20711F3E7022904D0032904D0E5
:103300004FF48B71ECE70024E1E70124DFE700BF15
:10331000A4890008F8B50546C2F3062702F00704A1
:1033200079B90B2804D94FF4FC71114805F08BF8DA
:10333000104B44EA072444F44024063543F8254062
:10334000F8BD032804D940F2FD11094805F07BF8C7
:1033500021463846FFF7B4FF06463846FFF786FF9A
:10336000044B46EA0020123543F82500E8E700BF89
:10337000A48900080080035070B5B2F5805F05464F
:103380000E4614460DD34FF40B71084805F05BF858
:1033900024F0030202F1A04202F5603226B9156062
:1033A00001E0002AF4D170BD2D02F8E7A4890008DD
:1033B0004FF48032064B5A6603F5E6239B69C3F34C
:1033C0008512827003F03F021B0B4270037070473E
:1033D000009000500B4B984211D003F58043984267
:1033E0000DD003F58043984209D003F580439842FD
:1033F00005D003F58043C31A584258417047012055
:10340000704700BF0080045038B505460C46FFF7F2
:10341000E1FF18B9B421304805F015F8284604F04A
:103420004AFF012205F500531A632A6B12F00202CB
:10343000FBD1237961881B0243EA8143A17A0B43C4
:103440006178002914BF402100210B43E17A002953
:1034500014BF802100210B43217B002914BF2021B0
:1034600000210B43617B002914BF102100210B4375
:10347000A17B002914BF082100210B43E17B002917
:1034800014BF4FF4006100210B43A179002914BF40
:103490004FF4803100210B43E179002914BF4FF430
:1034A000003100210B4301216B6005F58053196346
:1034B000217809B90223EB6000236B62207A637ADA
:1034C00043EA80036079002818BF10221A43AA60DB
:1034D00009B10123EB6038BDD389000870B50646F9
:1034E0000C46154622B940F28E210C4804F0ABFF81
:1034F00024B94FF42070FDF741FD04466D00013CF6
:10350000B4FBF5F4064B250213EA042304D040F281
:10351000B321024804F097FFF56170BD048A0008EA
:10352000070080FF10B5124B0446984204D040F2C9
:103530004241104804F087FF012104F5805359608F
:1035400040F6AA6341F20502636100230A48A360C2
:10355000E365E26004F500522361E361E364906493
:103560000348A365844204BF23656365516010BDB1
:1035700000C00550048A0008FFFF010038B52D4B3C
:10358000044698420D4604D040F269312A4804F0BE
:103590005AFF2046FFF7C6FF0122A97B04F580539E
:1035A0005A602A8AA368002914BF4FF48061002161
:1035B00042F0010213432A7D0B43002A14BF4FF04F
:1035C00000520022A360A3681343A360AB7C5BB1ED
:1035D000184B9C4202BFEA7CA3F51033C3F8D421F8
:1035E000E36D43F08003E3652B7B2046D5E90112B0
:1035F00043F48053E360FFF771FF6B7B0BB1102343
:1036000063616B7D1BB1A36843F48033A360AB7D22
:103610001BB1A36843F40043A360EB7D2A7E1B0724
:10362000120503F0E04302F4E0021343A3652B7894
:10363000636138BD00C00550048A000838B51446DF
:1036400004F0C5FD0023A36484F84C302364237F79
:103650000546012B03D104F16000FCF7D9FE636B32
:103660001BB100212046E26B9847284604F0B5FDC7
:10367000A36D002B03DCBB21034804F0E4FEA36D23
:103680000120013BA36538BD358A00082DE9F043D0
:1036900089B01E46002380F85430109B04464363D3
:1036A00090F85C308846C663002B36D14FF44063F7
:1036B00005686B614369092B27D905F12C03443553
:1036C00067694FF00109082F94BF00270127A16DFA
:1036D000A06A0131A16517490494CDE902710196F0
:1036E000216BCDF8009004F094FE00232A46CDE92A
:1036F0000333CDE901674346E16A606ACDF8009083
:1037000004F06DFE09B0BDE8F0830BBF05F12003A6
:1037100005F1240338353C35D2E7012BF2D100689E
:10372000079204F03FFE2568079A05F13C034435F3
:10373000C6E700BF3D3600082DE9F04387B01646C6
:103740000022436390F85C300446884680F8542099
:10375000C663002B37D14FF4406305686B61436942
:10376000092B03D905F12C03443506E00BBF05F105
:10377000200305F1240338353C3567694FF0000913
:10378000082F94BF00270127A26D216B0132A2658B
:10379000114AA06ACDE90272049404F1380201963C
:1037A000CDF8009004F035FE01232A460093CDE9C0
:1037B00003994346CDE90167E16A606A04F00FFEB0
:1037C00007B0BDE8F083012BFAD1006804F0EAFDF0
:1037D000256805F13C03C7E73D36000838B50546C6
:1037E000B0B1B9B1B2B1B2F5006F13DC04F0EFFCC7
:1037F00095F84C3003F0FF041BB104F0EEFC0648D2
:1038000038BD012385F84C3004F0E7FC2046F7E78B
:103810000248F5E70248F3E7032000F0012000F03A
:10382000022000F02DE9F0418EB0B64A0B68054643
:1038300093420C460DF1180807D0B34A934204D0C6
:1038400002F58042934240F0DB804746AF4ECDF810
:1038500014800FCE0FC796E80F00103687E80F00D0
:103860000FCE01AF0FC7002D00F0918100268422FA
:103870000021284604F0ABFE2368A24AAE659342BD
:1038800040F0928056222A654FF48012A04FC5E97D
:103890000B722B600123A44685F85C302F1DBCE819
:1038A0000F000FC79CE80F0087E80F00637E012B15
:1038B00008BF8DF81D30A37E002B40F09280227E41
:1038C0008DF81230012AE36840F096809149059AFC
:1038D0008B428CBF04230523537700238DF81130CE
:1038E0008D4B01213A200393FDF71CFB0121286D2C
:1038F000FDF718FB2369DA1F092A64D8063B8DF807
:103900001030237E2BB9E37EB3FA83F35B098DF885
:103910001C300121284604F0DAFC002854D1237A17
:10392000217941EA03417D4B03EB4612C2F8DC14D6
:10393000607A617941EA0041C2F8D414A07AA17991
:1039400041EA0041C2F8D814E27E002A40F0218109
:10395000E27AE379760106F1A04643EA024306F5EE
:103960007036C6F8C8341D23C6F8C434206801A9CF
:10397000FEF7EEFC04F02BFC694B1A78002A40F0AD
:10398000FB8001221A7004F028FCFCF707FD00F010
:1039900037FA002105F1240000F002FA0146002860
:1039A00000F0ED805F480FE0574A934208D157225C
:1039B0002A654FF488125C490126C5E90B1268E7B5
:1039C0005A4A934203D05A480EB0BDE8F0815822BB
:1039D0002A654FF49012DFF868C10226C5E90BC2D0
:1039E00057E7012B01D1042369E7022B3FF467AFAE
:1039F000032BE8D1062362E700228DF8342070E71C
:103A000046464C4F0FCF0FC697E8070086E80700E1
:103A1000002D00F0BC8084220021284604F0D7FD50
:103A2000002322684449AB658A42CCD1292129650B
:103A30004FF480212746414E85F85C30C5E90B6183
:103A40002E1D2A600FCF0FC697E80F0086E80F00E3
:103A5000637E012B08BF8DF82630A37E002B71D129
:103A6000ADF82830237E0121012B03BF00238DF800
:103A700025304FF4E133E3683A200893FDF752FA1A
:103A80000121286DFDF74EFA23691A1F0C2A9AD8D6
:103A9000033B414620688DF82430FFF76FFDA36992
:103AA00023F47F0323F47F4323B92A68936843F404
:103AB00080339360237A2079617940EA0340637A06
:103AC000A27941EA0341E67EA37A42EA0342134B1C
:103AD000002E47D11D26C3F89867C3F8B007C3F876
:103AE000A817C3F8AC27E17AE27942EA0142C3F8A9
:103AF0009C270121284604F0EAFB00287FF464AFEC
:103B000038E700BF0000015B00000A506C8A000823
:103B1000010010003F4B4C0040420F0000C003501A
:103B200080190020092000F00100110000400A5017
:103B3000022000F0A08A000800C005500200040026
:103B400001001200012B02D14FF4007388E7022B11
:103B500002D14FF4807383E7032B7FF434AF4FF42B
:103B600040737DE71C24C3F89847C3F8B007C3F837
:103B7000A817C3F8AC27BCE704F02FFB07E705F153
:103B8000280000F00DF900283FF41EAF0AE70448B2
:103B90001AE7263603EB46161C237360E6E600BFE1
:103BA000012000F07FB51546027F0446012A0E462B
:103BB00013D01A460393FFF711FE60B97DB1094A8D
:103BC00031462046039B00922A46FFF75FFD2046C0
:103BD00004F0F3FBA06C04B070BD0348FBE703489E
:103BE000F9E700BFC5820008082000F0022000F0BD
:103BF000F7B5047F0546012C0E46174601930CD0FD
:103C0000FFF7ECFD044628B93A4631462846019BA9
:103C1000FFF792FD204603B0F0BD014CFAE700BF6C
:103C2000082000F02DE9F04F85B09A46554B064626
:103C30001B780F461546DDF83C909DF844B0DDF842
:103C40005080002B00F08D80072A00F28C800E9BA4
:103C5000002B00F08880B9F1000F00F08480129BE7
:103C6000B3F5006F7FDC012802D1109B002B7AD0C6
:103C7000454B03EB05131B7B002B76D0434C1022E6
:103C80000021684604F0A3FC04EB45141022002F29
:103C900059D13946204604F09AFC43F21003638060
:103CA000BBF1000F03D1E37843F00303E370374A1D
:103CB0000E9B02EB451CCCE90193129B6901013B71
:103CC000C3F30A009DF84C30012E03F003034FEAC2
:103CD000836343EA001E53582D48CDF800A000EA44
:103CE00003004EEA0003535041D113230CF1100E90
:103CF000CCF80C309CE80F008EE80F006FF0030149
:103D0000DCF81C20109B61F39F02012FCCF81C20D3
:103D1000CCF8143003D1CCF81890CCF8043000273C
:103D2000194A290102EB051342F80180159A284629
:103D30005A60694622469F605E73FFF705FA38466F
:103D400005B0BDE8F08F0021204604F040FC4FF4A0
:103D500044736380BBF1000FA9D1E37843F03003D3
:103D6000A4E70C48ECE70C48EAE70C48E8E7B8F1B0
:103D7000000FD4D19CF8023068F304138CF80230A1
:103D8000CDE700BF811900200C1300208C13002008
:103D90000F80FFF3028000F0018000F0078000F048
:103DA00038B5124B05461B78DBB1E0B104F00FFAD1
:103DB0000F4A00231146147B54B92B6001251A01C8
:103DC00001EB03131D738C5004F007FA204638BD35
:103DD0000133082B02F11002EDD104F0FEF9054881
:103DE000F5E70548F3E70548F1E700BF8119002032
:103DF0000C130020048000F0028000F0018000F02D
:103E000013B5154B1868002301908DF8043004F0A9
:103E1000DEF9124B1C7824B104F0DFF9104802B02F
:103E200010BD01221A7004F0D8F90E4B01A81C73C2
:103E30001C7783F82C4083F83C4083F84C4083F88F
:103E40005C4083F86C4083F87C4008238DF8073091
:103E5000FFF730F92046E2E7BC8A0008811900200C
:103E6000038000F00C1300202DE9F843174B1F6D61
:103E70005B6D1F4000D5FEE701260025144CDFF8DE
:103E80005480DFF85490374217D02368C8F8506048
:103E90009BB1A168284601316268A1609847637BA5
:103EA000012B0AD148B909EB45131A7B60F3410293
:103EB0001A731A7F60F341021A770135082D4FEA11
:103EC000460604F11004DED1BDE8F883000004507A
:103ED0000C130020002004508C1300200348044AD7
:103EE0000449121A921004F0B1BA00BF148F0008EE
:103EF000148F0008481A002008B500F02FF8FFF7CB
:103F0000EDFF124B12498B4212D30020114B124984
:103F10008B4218D3FCF754F9186850F822405868BF
:103F200040F82240013298688242F5D30C33EAE728
:103F30000022F8E71C6844F8220001325C68A242C3
:103F4000F8D30833E4E70022F8E700BF288C000824
:103F5000348C0008348C0008348C000810B54FF401
:103F600080414FF0FF30114B114A9A60D3F88820FE
:103F700042F47002C3F888200E4A91660E4901F59A
:103F8000005210660D4850660220C3F8D000BFF3FF
:103F90004F8FBFF36F8F01244FF440330848C0F8B0
:103FA0008041D36004600B6110BD00BF00ED00E0F4
:103FB0000000000800900050008000447FFF7F0157
:103FC00000E100E0014B1868704700BF04100020BA
:103FD000084B1B6F03F00703022B04D0032B05D003
:103FE000012B05D0FEE7044B18687047034BFBE735
:103FF0000348704700800050041000200810002083
:10400000002D310108B5FFF7E3FF054B1B6FC3F32C
:1040100003330133B0FBF3F0024B186008BD00BF5F
:1040200000800050001000200048704700B4C40415
:10403000014B1868704700BF08100020054B18603E
:10404000054B1B6F03F00703032B01D1FFF7DABF0A
:10405000704700BF081000200080005000487047E3
:10406000002D31014FF0B4439868C0F304400C2890
:1040700022D8DFE800F00921212121210717192189
:104080001B1D1F000F4870479B6803F04073B3F17E
:10409000807F13D0B3F1007F12D00B4A002B08BFF2
:1040A00010467047094870470948704709487047EB
:1040B0000948704709487047002070470848704712
:1040C00008487047405DC60000093D000024F40028
:1040D000C0EA210180BA8C010048E801005A62025E
:1040E00080841E0040420F00014B1868704700BFDB
:1040F0000C10002010B5274CFDF7A0F904F042F891
:10410000236F23F0070343F00303236704F045F80C
:10411000214B00209B6ADB015EBF4FF480321F4BB6
:104120009A62D4F8203123F0070343F00203C4F865
:104130002031D4F8283123F0070343F00203C4F8F8
:104140002831D4F8403123F0030343F00103C4F8CD
:104150004031D4F8603123F0030343F00103C4F885
:104160006031D4F8403223F0030343F00103C4F874
:104170004032D4F8003223F0070343F00103C4F8BF
:104180000032D4F8083223F0070343F00103C4F8E7
:10419000083210BD008000500040005A0060005AF4
:1041A00010B54FF480301C491C4A4B6E5066486E67
:1041B0004FF000414AF6CD345166194903F480337B
:1041C0004A6C0C6402F001024C6BE407FCD401243D
:1041D00014494C60A1F500510C6BE407FCD50AB101
:1041E000114A0A640028A2BF4FF000410F4A5166ED
:1041F0001BB94FF480320D4B5A66FCF7B7FAFCF747
:104200008FFA04F0ECF903F00FFEFFF773FFBDE83F
:104210001040FCF799BA00BF008000500090005099
:1042200000400950006009503254FFFF00A00050C8
:1042300008B5064B06491868FFF7F4FA054B06491E
:104240001868BDE80840FFF7EDBA00BF3410002041
:1042500038100020101000201410002070B592B00B
:104260002C4D08AC0FCD0FC40FCD0FC495E8030043
:1042700084E8030001240026032521462A20CDE9F5
:104280000366CDE905668DF80E5007968DF8084057
:104290008DF809608DF80A608DF80B60FCF742FE1E
:1042A00021463A20FCF73EFE02214FF4B060FDF7B4
:1042B00089FA022340F6E4428DF817308DF8245035
:1042C0008DF82330144D9DF819300B92009332462F
:1042D0003346284611498DF821608DF83060FEF78D
:1042E00009FC95230E4A0A908DF809308DF8084094
:1042F000D2F82433284643F48033C2F8243305A986
:1043000008AAFEF74FFC284602AA03A9FEF73AFBCB
:1043100012B070BDC08A0008004000598096980015
:1043200000C0035013B50F4C23781BB9FFF796FF5D
:104330000123237001230C4AD360536903F4A07353
:10434000B3F5807FF9D16846074903F0ACFF40F62A
:10435000E4430098584340F6FF7390FBF3F080B2BB
:1043600002B010BD821900200040005938B501216B
:104370002420FCF7D7FD01212520FCF7D3FD0025E3
:104380000123154C154920460D704B734B80FFF7E8
:104390003BF8A369252043F00103A361104C25706D
:1043A000FCF7ECFD0F4B6573B0FBF3F00E4D0138DD
:1043B000608021462846FFF727F81022AB6943F0BA
:1043C0000103AB61094BC3F880211A602022C3F8B6
:1043D00080211A6038BD00BF00800450BA10002050
:1043E000CA1000208038010000C0045000E100E045
:1043F000F8B5044672B602230126124D124F134A35
:10440000EB607E612B6B16630022D9076A6206D4CB
:10441000284603F050FF3E632B6B9A07FCD4094DEE
:10442000013CEB699C4208D02B6BDB0704D440F2C3
:10443000B641074804F007F8EC610122014BDA604D
:1044400062B6F8BD0080045000A0045000900450F3
:10445000E88A000838B572B60C4D441EEB699C42E0
:1044600011D0B4F5803F04D340F2B441084803F0C2
:10447000EAFF2B6BDB0704D440F2B641044803F09B
:10448000E2FF024BDC6162B638BD00BF00C00450E1
:10449000E88A000808B5054B93F86820044B53F8E8
:1044A000223098470122034B5A6108BDFC160020B8
:1044B000B415002000A0045030B58FB00121562063
:1044C000204DFCF72FFD06AC01213A20FCF72AFD18
:1044D0000FCD0FC495E80F0084E80F0018220021CB
:1044E000684604F074F8012307211A460020CDF82D
:1044F00034D0FEF7B9F90123042208210020FEF789
:10450000B3F94FF40022104B104CC3F8DC244FF4E5
:10451000E022C3F8D42414222046C3F8C42406A9F8
:10452000FEF720F900220A4B83F80B234FF40062B8
:10453000C3F880211A60042304F5805423650FB06A
:1045400030BD00BF548B000800C003500000015B69
:1045500000E100E070B578B109B9002070BD013903
:10456000064E451E50FA81F415F8011F304603F03F
:104570006BFEA542F8D1F0E70120EFE70000015BF8
:1045800038B50125084C094A236B15630022626285
:10459000DA0707D4204603F08EFE054B1D63236B1C
:1045A0009B07FCD438BD00BF00000550001005502B
:1045B0000020055030B587B072B6012410220021CA
:1045C00002A804F004F826208DF80840FCF7D6FC79
:1045D00000238DF808308DF815301E4B2146B0FBB6
:1045E000F3F01D4C0138ADF80A002620FCF79AFCC8
:1045F000204602A9FEF708FF236BDB0704D440F234
:10460000B641164803F01FFF40F28F130122E36109
:10461000134B5A61A36913434022A361114BC3F8A2
:1046200080211A600225E560FFF7AAFF0023ADF89C
:104630000830A8238DF8043080230B488DF805300E
:1046400002AA2B4601A90068FFF7ACFA62B607B0D0
:1046500030BD00BF40420F0000000550E88A00084E
:104660000020055000E100E03410002072B6002266
:10467000024B83F8CC2062B6704700BFB61700200B
:10468000F8B572B6022928D9FFF7F0FF0120F8BD6E
:10469000C25C012A03D9FFF7E9FF0220F7E7EC1813
:1046A00084F8CD200022C45C06FB04240132322AA7
:1046B00025F81470F7D10133DAB29142E8D800201E
:1046C000084B83F8C80083F8C90083F8CA0083F850
:1046D000CB0083F8CC1062B6D9E7002332261F4600
:1046E000004DE9E7B617002030B5184B93F8CA1013
:1046F00001F0FF0239BB104630BD1A4492F8CD409C
:1047000093F8C820013105FB042233F8122020F869
:10471000142093F8CC40CAB29442EED8322193F8D8
:10472000C8200132B2FBF1F001FB1022D2B283F8B3
:10473000C82072B693F8CA20013AD2B283F8CA20D0
:1047400062B60122D7E700213225E2E7B617002042
:104750002DE9F34102220025354B364CDA60FFF794
:104760000FFF94F8CA30ADF80050312BADF804506B
:104770005BD90124304B5C61FFF702FF2C4BDC60FE
:1047800002B0BDE8F08194F8CC203868B8FBF2F3B1
:1047900002FB138354FA83F393F8CD306A469B00EF
:1047A00063F07F038DF8043001A902238DF80560C2
:1047B000FFF7F8F9B8F1000F1BD042F21070BDF806
:1047C000003008F1FF385BBAC3F30C03434341F6F2
:1047D000FF70B3FBF0F33220A04498F8CD1094F8AA
:1047E000C920A3F59C5300FB0122083B1BB224F80F
:1047F0001230013594F8CC305FFA85F89845C2D96B
:10480000322294F8C9300133B3FBF2F102FB1133C9
:10481000DBB284F8C93094F8CA300133DBB284F8D3
:10482000CA30012384F8CB30A3E73026034FE1E7F9
:1048300000000550B617002000200550341000205D
:1048400038B501213A20FCF76DFB002307221946F9
:104850000220FEF709F80023072205210320FEF7B6
:1048600003F80023072219461846FDF7FDFF002331
:10487000072203210220FDF7F7FF0023072204216E
:104880000220FDF7F1FF0023072204210320FDF79A
:10489000EBFF0023072201210320FDF7E5FF0023A2
:1048A000072219460320FDF7DFFF0023072202211C
:1048B0000320FDF7D9FF0023072201210220FDF785
:1048C000D3FF0221002308460722FDF7CDFF002376
:1048D000072204210120FDF7C7FF01220023104613
:1048E0000521FDF7C1FF0023042206210220FDF768
:1048F000BBFF0023042208210220FDF7B5FF00239F
:10490000042205210220FDF7AFFF00230422072126
:104910000220FDF7A9FF0122062110460023FDF722
:10492000A3FF08230D4C0125C4F8A0301023C4F8C0
:10493000A03017230022C4F8D030094B25641A7028
:10494000FFF78CFCFFF712FD03F0BFFD00F034F918
:10495000FFF730FEC4F8A05038BD00BF00E00350A0
:104960008319002072B60023044A1370044AD370DE
:10497000137113705370937062B6704784190020DE
:104980008519002070B5054640B33AB34B1E312B54
:1049900026D8144C207808B9107070BD124B987846
:1049A000884202D210700020F7E711709A78521AEC
:1049B000D2B29A7002B92270002432201A781A44B6
:1049C00052792A551A7801340132B2FBF0F600FB15
:1049D00016221A70E2B28A42F0D3E4E70120DCE743
:1049E0000220DAE7841900208519002010B5134C45
:1049F0001348237953B903F013FCE07010B101237D
:104A0000A070237104220F4BDA6410BD03F008FC80
:104A10006378E218507132220133B3FBF2F102FBEA
:104A200011336370E378013BDBB2E370002BE9D113
:104A300001222371044B1A70E4E700BF851900209E
:104A40000000015B0020015B8419002038B50D4691
:104A50000446B0B1012817D0022840F2FF3318BF36
:104A60003F23EB40DB0704D440F22D41074803F01D
:104A7000EAFC302001214443054B01FA05F51D51A4
:104A800038BD40F2FF13ECE77F23EAE7F487000824
:104A900040D0035038B50D460446B0B1012817D0B8
:104AA000022840F2FF3318BF3F23EB40DB0704D45A
:104AB00040F2FE31074803F0C6FC30200121444398
:104AC000054B01FA05F51D5138BD40F2FF13ECE727
:104AD0007F23EAE7F487000840E0035013B5304C29
:104AE000237F237F5BB2002B14BF012200222D4BBA
:104AF0001A70E3889BB230D043B918222A4BC3F80E
:104B0000A0201722C3F8D02002B010BD0F212748E3
:104B100003F09AFB2548A02103F096FBA378244AD2
:104B2000D05C022812D101460190FFF7B3FF0121AA
:104B30000198FFF78BFF08221E4BC3F8A02002222A
:104B4000C3F8D020FFF7EEFB2081DDE70121022032
:104B5000FFF7A0FF02210846EBE7002BCDD00F2185
:104B6000124803F071FB1148A02103F06DFBA378FC
:104B70000F4AD05C02280CD101460190FFF78AFF52
:104B800001210198FFF762FF10220A4BC3F8A02011
:104B9000D8E701210220FFF77DFF02210846F1E757
:104BA00094150020DE10002000E0035000000A50A1
:104BB000A78B000800D0035010B572B61A49152211
:104BC0000B461A48013A12F0FF0241F8040BF9D1E2
:104BD000174A1849DA62184A59655A60174A18493B
:104BE0009A60184A1965DA641749184A59615A6473
:104BF0000121DA600222164B164CDA725970DA740F
:104C00001A75662164225974DA701A71236BDB07F6
:104C100004D440F2B641104803F015FC40F2CF73C3
:104C2000E36162B610BD00BFB4150020FB8400082C
:104C3000514E00082D51000849570008DD4A000870
:104C40006D54000871590008B15C0008115E00083D
:104C5000BD19002000C00450E88A0008F0B5002308
:104C60004FF0060C1C461946334A867BDFF8D0E02D
:104C70001360071DDDB2AE423DD804B111600A24B5
:104C8000126803696243D90FD40FA14251D322F0B5
:104C9000004223F0004322F0010201D1934248D99F
:104CA0009342A1EB040137BFC2F100429B1A01F10C
:104CB000FF319B1872B6322B38BF322300240626F0
:104CC0001E4A5B0089B291829361837B9374917CCD
:104CD000E3B299421AD80378137090F9143013771D
:104CE000437D537762B61378022B20D18088D8B9E0
:104CF00010771077F0BD0CFB03F405783C5B1EF8D1
:104D00000550013305FB04110124B3E706FB03053D
:104D1000AF7802EBC3018F70AB88013403EB8303E0
:104D20009B009BB28B80D2E701231377137700207F
:104D3000E0E70120DEE700BF0C16002094150020FC
:104D4000BD19002030B5022926D840F242439842CE
:104D500024D84FF4C8235843114BB0FBF3F0114B48
:104D600084B203EBC102D4801B78112B01D0002048
:104D700030BD66220C4B642501FB023133230B4C02
:104D800014F8012B013B4243B2FBF5F213F0FF0391
:104D900021F8022BF4D1EAE70220E9E70320E7E754
:104DA000C8A901009415002092180020748B0008F7
:104DB0000E2814D8DFE800F030081430131C222528
:104DC0002B30333C3F42440012221F4B1021C3F8CA
:104DD000D0201E4AC2F8D0100122C3F8D02070475C
:104DE00002221A4BC3F8D020A3F580530422F4E723
:104DF0000222154BC3F8D0201022EEE70222124BFC
:104E0000E4E70122114BC3F8D0200222E5E710228B
:104E10000D4BC3F8D020E9E717220C4BDDE7102239
:104E20000221094BC3F8D020084AC2F8D010DDE7B0
:104E30000422064BDEE70322034BCEE7024BDBE7FF
:104E40001422014BC9E700BF00D0035000E003501B
:104E50002DE9F341AA4C2378062B41D8DFE813F063
:104E6000070040004A007100FC0014013A01A54F00
:104E7000A54D3B88A54A05EBC3039B78D05C02286F
:104E800031D101460190FFF705FE01210198FFF79E
:104E9000DDFD4FF00208102243F6FC769C4BC3F870
:104EA000D080C3F8D02003F029FB3B88994805EB5C
:104EB000C303DB8806EA8306310A03F0C5F906F06E
:104EC000FC01944803F0C0F90620FFF771FF3B880E
:104ED00005EBC305A88880B2FFF78AFA84F8008042
:104EE00002B0BDE8F08101210220FFF7D3FD0221CD
:104EF0000846CCE7834E3588FFF714FA824B328898
:104F000003EBC505288103EBC2031889824921F808
:104F10001200012181488154814AC2F8D010022137
:104F2000C2F8D0101021A2F58052C2F8D01004218E
:104F3000C2F8D010988880B2FFF75AFA0323237082
:104F4000CEE70622764B0221C3F8A0200422C3F844
:104F5000D0201022C3F8D020A3F58053C3F8D0107E
:104F6000C3F8D020684B197F4AB2002945D0012AE6
:104F700012D00132B4D1634D6A4A2F88002F4ED12E
:104F80000123117842F6A4301944C9B22B80117064
:104F9000FFF72EFA2770A3E762485D7F0178594E2C
:104FA0008D42328815D9012A08BF41F2D2520178C8
:104FB00001F10101C9B20170986902BF9B8912FA1F
:104FC00083F3A0EB4300FFF713FA00234D4A13804D
:104FD000B5E700250570997C013292B28A42328091
:104FE00005D242F6A430FFF703FA0023A7E7986939
:104FF000FFF7FEF93580257072E742490A880132D1
:1050000092B20A80997C8A42EBD39A7C9869022AF0
:1050100006BFA0F55F501438A0F54360D3E7587F72
:105020001178884207D911780131C9B21170012273
:1050300098692A80D7E70026167041F2D252986903
:1050400003EBC7039B8812FA83F3A0EB4300FFF73F
:10505000CFF92E80267043E71722314B0021C3F889
:10506000D02006222B48C3F8A02003F0EDF82948F1
:10507000002103F0E9F80222254B1420C3F8D020C8
:105080001022C3F8D020AEE717220626244B0021B9
:10509000C3F8D0201F48C3F8A06003F0D5F8002162
:1050A0001C4803F0D1F80222194BC3F8D02010227B
:1050B000C3F8D020144B9D8AADB23DB19A8A1A4BE9
:1050C0004FF6FF701A80FFF793F9C3E71420FFF73C
:1050D0008FF990E7144B1D88013DADB21D8035B1AD
:1050E0004FF6FF7002B0BDE8F041FFF781B9054B04
:1050F0001A88054B03EBC203988880B2E7E700BF2C
:10510000D81900206C19002094150020A78B0008E6
:1051100000D0035000000A5060190020D31900206D
:1051200000E00350BC19002090180020F0B585B0B5
:105130000023A04CADF80C302378072B7FD8DFE894
:1051400013F008001F0080009A005B001A014D0157
:105150007D011722984BC3F8D0200222A3F580537B
:10516000C3F8D0201022C3F8D020944B1A88944B57
:1051700003EBC203988880B2FFF73AF9012332E0CB
:105180008E4E8F4D33888F4805EBC303DA8843F684
:10519000FC7303EA82031A0A8DF80C208DF80D3097
:1051A0000222002303A90068FEF722FD03F0A6F9FE
:1051B0003388854A05EBC3039B78D05C022814D161
:1051C00001460190FFF766FC01210198FFF73EFCC4
:1051D0000620FFF7EDFD338805EBC305A88880B2F4
:1051E000FFF706F90423237029E001210220FFF7CD
:1051F00051FC02210846E9E7704E3588FFF792F826
:105200006F4B328803EBC505288103EBC203198974
:105210006E4B022523F8121001216D4B40F6B83079
:1052200099541722644BC3F8D0201022A3F5805361
:10523000C3F8D050C3F8D020FFF7DAF8257005B0D6
:10524000F0BD17225C4B0A20C3F8D0200222A3F540
:105250008053C3F8D0201022C3F8D020FFF7A8FD58
:10526000564B1A88564B03EBC203988880B2FFF75F
:10527000BFF80323B7E7172202214F4B0625C3F8D7
:10528000D020544AC2F8D0101021C2F8D010C3F870
:10529000A05003F037F94A4B1A7F57B2002A3CD08E
:1052A000012F0DD00137CAD1444E4B4A3188002915
:1052B00048D10123338013780133DBB2137024E02B
:1052C00045485F7F01783D4E8F42328815D9012ACB
:1052D00008BF41F2D252017801F10101C9B2017057
:1052E000986902BF9B8912FA83F3A0EB4300FFF792
:1052F0007FF800233380062375E700270770997C29
:10530000013292B28A42328002D242F6A4300EE0DA
:105310009869FFF76DF8378090E7284E997C3288BE
:10532000013292B28A42328005D240F67C00FFF709
:105330005FF8052357E742F2EC2298699B7C02FB59
:105340001300E6E75F7F1078874207D911780131B3
:10535000C9B211700122986932806DE70027177079
:1053600041F2D252986903EBC1039B8812FA83F38E
:10537000A0EB4300CDE717220F4BC3F8D020062245
:10538000C3F8A02003F0BEF800230E4802220068F4
:1053900003A98DF80C308DF80D30FEF729FC0222A0
:1053A0000C4BC3F8D0201022C3F8D020034B1A882E
:1053B000034B3DE0D719002000E003506A1900209C
:1053C0009415002010100020A78B00086019002001
:1053D000D319002000D00350BC19002017221D4B08
:1053E000C3F8D0200622C3F8A02003F08BF80023D6
:1053F00019480222006803A98DF80C308DF80D3091
:10540000FEF7F6FB0222154BC3F8D0201022C3F89A
:10541000D020134B9A8A92B242B19A8A114B4FF61E
:10542000FF701A80FEF7E4FF0723DCE60E4A1288BD
:1054300003EBC203988880B2E5309DE6094A1388E1
:10544000013B9BB21380002BB0D04FF6FF70FEF7EC
:10545000CFFFF4E600E003501010002000D003500E
:10546000941500208E1800206A1900202DE9F341C0
:10547000AA4C2378062B49D8DFE813F00700480030
:1054800052007300FF0017013D01A54FA54D3B8859
:10549000A54A05EBC3039B78D05C022839D10146AD
:1054A0000190FFF7F7FA01210198FFF7CFFA4FF0CB
:1054B0000208102243F6FC769C4B0021C3F8D080F2
:1054C0009B48C3F8D02002F0BFFE0021984802F0AC
:1054D000BBFE03F013F83B88954805EBC303DB885C
:1054E00006EA8306310A02F0AFFE06F0FC0190489E
:1054F00002F0AAFE0A20FFF75BFC3B8805EBC30520
:10550000A88880B2FEF774FF84F8008002B0BDE87E
:10551000F08101210220FFF7BDFA02210846C4E70D
:105520007F4E3588FEF7FEFE7E4B328803EBC505C5
:10553000288103EBC20318897E49032521F8120054
:1055400001207D49885404217C4AC2F8D0101021E2
:10555000C2F8D010A2F58052C2F8D050988880B21C
:10556000C6E00622754B0126C3F8A0200222C3F82C
:10557000D060C3F8D020A3F58053C3F8D020102208
:10558000C3F8D02002F0BEFF664B197F4AB2002953
:1055900045D0B24211D00132B8D1614D684A2F884E
:1055A000002F4ED1117842F6A4300131C9B22E80BD
:1055B0001170FEF71DFF2770A8E761485D7F017835
:1055C000574E8D42328816D9012A08BF41F2D25275
:1055D000017801F10101C9B20170986902BF9B898C
:1055E00012FA83F3A0EB4300FEF702FF00234C4ABC
:1055F000138023708AE700250570997C013292B2EE
:105600008A42328005D242F6A430FEF7F1FE002332
:10561000EFE79869FEF7ECFE3580257076E74049A4
:105620000A88013292B20A80997C8A42EBD39A7C32
:105630009869022A06BFA0F55F501438A0F54360B0
:10564000D2E7587F1178884206D911782E8001312F
:10565000C9B211709869D8E70026167041F2D2528B
:10566000986903EBC7039B8812FA83F3A0EB43000E
:10567000FEF7BEFE2E80267048E717222F4B002132
:10568000C3F8D02006222A48C3F8A02002F0DCFD8F
:105690002748002102F0D8FD0222244B1420C3F831
:1056A000D0201022C3F8D020AFE717220626234BC4
:1056B0000021C3F8D0201E48C3F8A06002F0C4FD4A
:1056C00000211B4802F0C0FD0222184BC3F8D02075
:1056D0001022C3F8D020134B9D8AADB23DB19A8AF7
:1056E000184B4FF6FF701A80FEF782FEC3E71420B6
:1056F000FEF77EFE91E7134B1D88013DADB21D8084
:1057000035B14FF6FF7002B0BDE8F041FEF770BE54
:10571000034B1A88034B03EBC2031FE7D619002083
:105720006819002094150020A78B000800D00350B2
:1057300000000A5060190020D319002000E0035037
:10574000BC1900208C180020F7B57F4C23780A2B59
:105750004ED8DFE813F00B0015005F0056004D0037
:105760004D007A00A9004D00C500EB004FF47A709F
:10577000FEF73EFE1722754BC3F8D020012347E009
:10578000734F744D3B88744A05EBC3039B78D05C20
:1057900002282FD101460190FFF77CF901210198E1
:1057A000FFF754F9022610226C4B0021C3F8D06099
:1057B0006B48C3F8D02002F047FD0021684802F092
:1057C00043FD02F09BFE3B88654805EBC305EB8873
:1057D00043F6FC7505EA8305290A02F035FD6048A9
:1057E00005F0FC0102F030FD1420FEF701FE2670EA
:1057F00003B0F0BD01210220FFF74CF90221084659
:10580000CEE70620FFF7D4FA1420FEF7F1FD0223BD
:105810002370EDE74E4E0620FFF7CAFA4D4D338850
:1058200005EBC303988880B2FEF7E2FD3788FEF7E8
:1058300079FD338805EBC707388105EBC305298956
:10584000484A22F813100623E2E706223F4B0126BE
:10585000C3F8A0200222C3F8D060C3F8D020A3F57B
:105860008053C3F8D0201022394DC3F8D02002F065
:1058700049FE2B883C4AD654364A3344917C9BB22D
:105880008B422B8002D240F67C00AEE7937C90697D
:10589000022B06BFA0F5AE500438A0F64850FEF724
:1058A000A7FD00232B8069E71722284B0021C3F8AE
:1058B000D02006222A48C3F8A02002F0C5FC00210F
:1058C000274802F0C1FC02F01DFE0222234BC3F860
:1058D000D0201022C3F8D0201D4B1A881D4B1EE08B
:1058E00017221A4BC3F8D0200622C3F8A02002F0DA
:1058F00009FE0222194BC3F8D0201022C3F8D02091
:10590000144B9A8A92B242B19A8A184B4FF6FF70A2
:105910001A80FEF76DFD0A237AE70D4A128803EB21
:10592000C203988880B2FEF763FD27E70F4A138809
:10593000013B9BB21380002BCED04FF6FF7003B01B
:10594000BDE8F040FEF754BDD919002000E0035037
:105950006619002094150020A78B000800D0035082
:1059600000000A5060190020D31900208A18002076
:10597000F7B5AC4C2378052B00F2B380DFE813F0C9
:10598000060053000B0188002E017F01A64FA74D92
:105990003B88A74A05EBC3039B78D05C022839D12A
:1059A00001460190FFF776F801210198FFF74EF8C4
:1059B0000222A04B43F6FC76C3F8D020102200212F
:1059C000C3F8D0209C4802F03FFC00219A4802F026
:1059D0003BFC02F093FD3B88974805EBC303DB8853
:1059E00006EA8306310A02F02FFC934806F0FC0118
:1059F00002F02AFC914B1B889BB90620FFF7D8F9CF
:105A00003B8805EBC305A88880B2FEF7F1FC0123B3
:105A1000237066E001210220FFF73CF802210846CE
:105A2000C4E70A20EAE7804E3588FEF77BFC7F4B0F
:105A3000328803EBC505288103EBC2010889804940
:105A4000D50021F8120001207E49885417217E4A92
:105A5000C2F8D01079490E8876498EB9C2F8D000C4
:105A60000220C2F8D0001022C1F8D02004222B441A
:105A7000C1F8D020988880B2FEF7BAFC0323C7E7AC
:105A80000420C2F8D0001020C2F8D0000322EEE7B4
:105A90001722102102266C4BC3F8D020654AC2F8A9
:105AA000D060C2F8D0100622C3F8A02002F02AFD70
:105AB0005E4B1A7F57B2002A45D0012F13D0013711
:105AC0000FD1594D614A2988002949D101232B80E2
:105AD000137842F6A4300133DBB21370FEF788FC72
:105AE000267003B0F0BD59485E7F01784E4D8E425E
:105AF0002A8815D9012A08BF41F2D252017801F152
:105B00000101C9B20170986902BF9B8912FA83F33F
:105B1000A0EB4300FEF76CFC00232B80042377E707
:105B200000260670997C013292B28A422A8005D200
:105B300042F6A430FEF75CFC022369E79869FEF7A1
:105B400057FC2E80EAE7384D997C2A88013292B2C0
:105B50008A422A80ECD39869FEF74AFC2F80DDE761
:105B60005E7F1078864209D911780131C9B211706F
:105B7000012298692A80FEF73BFCCFE700261670C9
:105B800041F2D252986903EBC1039B8812FA83F366
:105B9000A0EB4300D3E717222B4B0021C3F8D02002
:105BA00006222548C3F8A02002F04EFB002122481F
:105BB00002F04AFB02221F4BC3F8D0201022C3F888
:105BC000D020194B1A88194B03EBC203988880B276
:105BD00000F59660FEF70CFC002319E717221A4B1C
:105BE0000021C3F8D02006221348C3F8A02002F0F9
:105BF0002BFB0021104802F027FB02220D4BC3F8BB
:105C0000D0201022C3F8D020084B9D8AADB20DB32E
:105C10009A8A0F4B4FF6FF701A80FEF7E9FB0523B7
:105C2000F6E600BFD5190020641900209415002065
:105C3000A78B000800D0035000000A505E19002016
:105C400060190020D319002000E00350BC19002087
:105C500088180020124A128803EBC203988880B289
:105C600000F23550FEF7C4FB0E4B25701B881BB9A4
:105C700001220C4B1A8034E700220A4BFAE70A4B48
:105C80001D88013DADB21D8035B14FF6FF7003B0E8
:105C9000BDE8F040FEF7ACBB014B1A88034BDBE7D5
:105CA000641900205E190020881800209415002037
:105CB0002DE9F34702F022FC4B4B4C4A9B78D05C19
:105CC000022820D101460190FEF7E4FE012101984F
:105CD000FEF7BCFE4FF0020A17234FF01009444EA6
:105CE000444F454DC7F8D030C6F8D0A0C6F8D09084
:105CF00095F80080B8F1000F0CD0B8F1030F3AD03E
:105D000002B0BDE8F08701210220FEF7C3FE0221A8
:105D10000846DDE743F6FC71384C394B2278394EA2
:105D200033F81230384801EA83013180090A02F061
:105D30008BFA31783448354E02F086FA0620FFF7A8
:105D400037F83378012B03D1FFF732F886F800805B
:105D500023780133DBB21A2B237005D103232B7078
:105D600000232370012333704FF47A6002B0BDE842
:105D7000F047FEF73DBB43F6FC71204C204B2278E8
:105D8000DFF8808033F812301F4801EA8301A8F859
:105D90000010090A02F058FA98F800101A4802F0A8
:105DA00053FA1A4A1378012B0AD1C7F8D0300423CA
:105DB000C7F8D0A0C6F8D090C6F8D0300023137032
:105DC00023780133DBB21A2B2370CDD10421094B88
:105DD000C3F8D0101021C3F8D01000232B7023700B
:105DE00001231370C0E700BF94150020A78B0008A3
:105DF00000D0035000E00350DA190020DC19002025
:105E0000921800208618002000000A50D3190020A4
:105E1000F7B5524D2C78012C70D0022C51D0002CAB
:105E200040F09A804E4F4F4E3C78012C23D132885F
:105E30004D4B03EBC2039B784C4AD05C022856D1F1
:105E400001460190FEF726FE21460198FEF7FEFD71
:105E50000222474B0021C3F8D02010224548C3F846
:105E6000D02002F0F1F90021424802F0EDF902F0F1
:105E700045FB00233B700620FEF79AFF3321328852
:105E800043F6FC763C4C3B48237801FB02333B4A0B
:105E900032F8133006EA8306310A02F0D5F93548A4
:105EA00006F0FC0102F0D0F923784FF4FA600133D8
:105EB000DBB2322B237001BF01232B700023237030
:105EC00010E017222E4B1420C3F8D0201022A3F587
:105ED0008053C3F8D040C3F8D0200122204B1A7061
:105EE00000232B7003B0BDE8F040FEF781BA2146D5
:105EF0000220FEF7CFFD02210846A7E70622204B2D
:105F00000021C3F8A0200222C3F8D040C3F8D0205B
:105F1000A3F58053C3F8D02010221648C3F8D02030
:105F200002F092F90021134802F08EF900220C4B86
:105F30000C491C70104B0C481A700B88807C013384
:105F40009BB283420B8035BF42F6A4300D482A70C5
:105F50000A8028BF2A70C5E703B0F0BDDD1000201D
:105F6000D31900206E19002094150020A78B00087B
:105F700000D0035000000A50DB19002092180020C6
:105F800000E00350400D03002DE9F04F2DED028B92
:105F900083B0002101900846FEF758FD06234FF01C
:105FA00000084B4D4B4EC5F8A03042F69427B8FB85
:105FB000F7F7C7F3871308EE103A0A244FF0000AE8
:105FC0004FEA870B5FFA8BFBDFF8109199F80070AE
:105FD000042F37D0072F4AD0022FF9D1019B53BB92
:105FE00039463846FEF756FD01213846FEF72EFDAC
:105FF0000223C6F8D03010230021C6F8D03036482E
:1060000002F022F90021344802F01EF902F076FA7B
:1060100018EE101A304802F017F959462E4802F0CF
:1060200013F90620FEF7C4FE3220FAF703F9042321
:1060300089F80030CAE701213846FEF72BFD3946C2
:106040003846D3E7FEF76EF90122C5F8D0200222C8
:10605000C5F8D02010225044C6F8D0201FFA80FA8C
:10606000C6F8D0703220FAF7E5F80723E0E70623F8
:10607000C5F8A03004231022C5F8D0300223C5F89B
:10608000D020C6F8D030C6F8D02002F03BFA4FF44A
:10609000FA70FAF7CFF80223013C14F0FF0489F8F4
:1060A000003091D140F2D9739A450FD808F5C8282D
:1060B000B8F5C80F7FF479AF00210846FEF7EAFC77
:1060C000204603B0BDEC028BBDE8F08F0124F3E75E
:1060D00000E0035000D0035000000A50DC10002004
:1060E00038B50125084C094A236B1563002262620A
:1060F000DA0707D4204602F0DEF8054B1D63236B58
:106100009B07FCD438BD00BF0000055000100550AF
:106110000020055010B540F2FF33C340DB070446B2
:1061200004D440F22D41054802F08DF90120044BC2
:1061300000FA04F4C3F8A04010BD00BFF4870008C3
:1061400000D0035010B540F2FF33C340DB070446D4
:1061500004D440F2FE31054802F075F90120044BE9
:1061600000FA04F4C3F8A04010BD00BFF487000893
:1061700000E0035013B500220E4B019293F8DC109F
:1061800099B1017083F8E020FFF7AAFF012249F6D8
:106190004044094BDA60013C01A8A4B2FEF7A4FA1E
:1061A000002CF8D1204602B010BD0222092083F84D
:1061B000E020F8E7181600200000055010B5022373
:1061C0000024074A82F8E03082F8DC40054AD360B8
:1061D000FFF786FFFEF74AFAFEF7ECF9204610BDFE
:1061E00018160020000005501FB510220021684637
:1061F00002F0EDF90023124C23800123A370A4F8D0
:10620000DE3002F041F9684602F040F94FF6FF73C4
:10621000BDF80010BDF802209942A4F86E1004BF2A
:106220006421A4F86E109A4208BF6423A4F8DA200F
:1062300008BFA4F8DA30FFF7C1FF04B010BD00BFFB
:10624000181600208278012A1CD80188B1F57A7FBF
:106250001AD86C200D4B092900FB02334FF41D7234
:106260004FF0050001FB02F2B2FBF0F25A6003D8D6
:10627000642200201A727047632901D80A22F8E7C5
:106280000122F6E70C2070470D20704718160020F9
:1062900013B50023019302232A4C84F8E03094F8CC
:1062A000DC30012B84BF03F1FF3384F8DC308278CB
:1062B000012A3FD894F8DC10631883F8E120C378F2
:1062C00059BB003B18BF0123A3700388642B33D84C
:1062D00041F28831B1FBF3F1142B21808ABF1421E4
:1062E0000123B3FBF1F3A4F8DE304FF47A7301A875
:1062F000ADF804308DF80620FFF7A4FF94F8DC1009
:1063000011480131C9B2FEF7BBF9C8B994F8DC30C5
:10631000013384F8DC3002B010BDA17899420DD170
:1063200041F2883300882188B3FBF0F39942DCD036
:106330000720F0E70220EEE70420ECE70620EAE77A
:106340000520E8E718160020F91600207FB56C46F6
:10635000064610220021204602F039F9B578012DB9
:1063600017D86C220C4B368802FB0533A3F86E60FD
:1063700002F08AF8204602F089F804AB03EB4505E9
:1063800025F8106C94E80F0002F08DF8002004B09E
:1063900070BD0E20FBE700BF181600202DE9F04F5E
:1063A00087B00027A34E0D4696F8E040CDE904776C
:1063B000039002921CB1012C30D000241AE0214637
:1063C00025464FF06C0E4FF00A089B4B328896F82A
:1063D000DC701A80994BDFF87CC21C80984B06F168
:1063E000E1001C80974B1C808BB29F4206D8012392
:1063F00086F8E030204607B0BDE8F08F002210F8A4
:10640000013B2CF813501EFB03833344013292B23C
:10641000322A23F8025BF9D10131E5E796F8DC3046
:10642000002BCAD005A8FEF75FF9002839D006F185
:10643000E10CE6463A464FF06C0896F8DC30DFF89F
:1064400010920193B378DFF80CA2DFF80CB200933E
:10645000019993B2994258D8774B1A88013A92B26F
:106460001A80F2B9734908881880744B1E88312E3F
:1064700017D84FF0360E4FF06C0A9346DFF8C491F0
:10648000B9F80000019F93B29F426CD832230130CB
:10649000B0FBF3F203FB1200684B0136A9F80000D1
:1064A0001E80694B5B6F5B0687D56449614E0B8824
:1064B000B6F8DE209A4280D8029896F8DC20B0FB2D
:1064C000F2F2934290B277D92A701B1A00220B8005
:1064D0004FF03609114693464FF0320A96F8DC30F9
:1064E000DFF8508100930293B3780193544B1B88DB
:1064F0002E788E4240F29580009A03984A434FF0DE
:10650000000E524E00EB420274E01EF8011B06AF73
:1065100008FB0160037AB0F86E0007EB410727F82B
:10652000080C0098E8B137F9040C0028BCBF4042C1
:1065300027F8040C3AF8117059F8210017FB03F3FF
:1065400008FB01677F681B1A7B4393FBFBF3034443
:1065500049F8213006AB03EB410333F8043C2AF839
:106560001130013274E7009F1CF8013BC7B1384F6E
:1065700057F82370002F07DA0EFB030301EB4303E8
:10658000A3F80AB001327DE70EFB03080AFB0313F0
:106590001B7A01EB480897FBF3F3A8F80A30F1E700
:1065A0000EFB03070DF1180808EB430333F8043C16
:1065B00001EB47077B81E5E72B70002386E7019F0E
:1065C0003FB396F800C006A809FB0C3700EB4C0C53
:1065D00008EB4707B7F90A703CF808CC674503DDBC
:1065E000A7EB0C07178001E0A2F800B00EF1010E36
:1065F0000232013602981FFA8EF78742DFD3013349
:10660000B3FBFAF20AFB1233013101229BB289B2C9
:106610006EE7377809FB073708EB4707B7F90A70C9
:10662000E0E70AB1064A1380009B13FB06F02870CE
:10663000E0E600BF1816002078190020701900202D
:10664000761900207A19002000C00350F9160020A6
:106650001016002072190020A08601002DE9804844
:10666000BBB000252C460023032D05D8DFE815F02C
:1066700005004500DE00420200240026B1463746F0
:10668000002501E025460124042C32D8DFE814F06F
:106690000A001700280008002B0227460324F3E70E
:1066A0003C46F1E7012118A801F061FF0028F5D070
:1066B0009DF86030B342E5D01E460424E4E7012192
:1066C00018A801F054FF18B102249DF86090D7E794
:1066D0000135EDB2092DE0D9FEF744F90027DDE7D9
:1066E000B9F1000FFAD0FEF73DF9002001F03EFFAE
:1066F000F4E7002001F03AFFC6E70DF13808102258
:106700000021404601F063FF01232E464FF0030BAA
:1067100000278DF860304FF00009631E032B0CD862
:10672000DFE813F018002C000900E1012C46F2E725
:1067300027460324F1E73C46EFE7012105A801F0D5
:1067400016FF0028F5D09DF81430B342EED01E4657
:106750000424E2E7012105A801F009FF18B1022491
:106760009DF814B0D7E709F101095FFA89F9B9F189
:10677000090FDDD9FEF7F6F80027DAE7BBF1040FC1
:106780003FD0BBF1050F4BD0BBF1030FF4D1012477
:1067900000208DF86140FFF7F7FB00230222A042A2
:1067A00004BF8DF863008DF865004FF0010018BF3D
:1067B0008DF865308DF862301ABF8DF863408DF822
:1067C00064208DF86420FFF7DFFB002301288DF89B
:1067D00062300ED001228DF8632002228DF86630DF
:1067E0008DF86420072118A801F076FE0324002705
:1067F00093E702238DF863008DF864308DF866000E
:10680000F0E701F041FE404601F040FE03A90622F8
:106810000FA801F0CFFE98E80F0001F044FEABE7AF
:1068200001F032FE404601F031FEA5E74FF0000ACC
:1068300002232E464FF00309D346D04657468DF823
:106840001430042C00F25281DFE814F00800160026
:106850002D0039014B01A0460124F2E701210EA8C9
:1068600001F085FE002800F028819DF83820B24212
:10687000F1D016460424E4E701210EA801F077FECA
:1068800028B12C464FF000089DF83890D9E708F160
:1068900001085FFA88F8B8F1090F40F20D81019004
:1068A000FEF760F818E0B9F1090F00F2F780DFE8B1
:1068B00019F02D0072008900C900E300ED00F50019
:1068C000A100B2000A00AF4C2378012B07D10521AB
:1068D00029A801F001FE27704FF0000AEDE0AA4B55
:1068E0001B78012B03D105210DF1C600F1E7A74C60
:1068F0002378012B02D1052118A8EAE7A44C2378BC
:10690000012BE9D105210DF18200E2E71A210EA841
:1069100001F02DFE002800F0C780BDF840300EA821
:106920005BBAADF84030BDF842305BBAADF84230EA
:10693000BDF844305BBAADF84430BDF846305BBAC0
:10694000ADF84630BDF848305BBAADF84830BDF818
:106950004A305BBAADF84A30BDF84C305BBAADF89E
:106960004C30BDF84E305BBAADF84E3000F0E2FD71
:1069700058B98DF816008DF81700052105A88DF877
:106980001570CA4601F0A8FD97E001238DF8177035
:106990008DF81630F1E7012400F0C8F9032105A8AD
:1069A0008DF815708DF816708DF8174001F094FD74
:1069B000784A137823B972B677490C64147062B6BA
:1069C000CB4689E702210EA801F0D1FD00286BD04B
:1069D0009DF839109DF8380001B1012100F042FA0C
:1069E00050BB8DF816008DF81570032105A801F035
:1069F00073FD71E707210EA801F0B9FD002853D0FF
:106A0000BDF83D30BDF83B20BDF839109DF8380089
:106A100000F052FAE4E707210EA801F0A8FD0028D3
:106A200042D0BDF83D30BDF83B20BDF839109DF88F
:106A3000380000F079FAD3E701238DF817708DF84C
:106A40001630D0E700F098F9032105A88DF81570ED
:106A50008DF816708DF8171001F03EFD4D4A137831
:106A60002BB172B601214D4B1964177062B64FF00D
:106A7000000A4C46D346E4E600F086FA04238DF87B
:106A800015708DF816708DF81730AEE700F082FAA9
:106A900005238DF815708DF81670F4E7FDF762FF89
:106AA000002001F063FD17E708F101085FFA88F89C
:106AB000B8F1090F3FF6F4AEA2460324C1E618A8C8
:106AC00000F070FABBF1000F09D15946344801F0CB
:106AD000BBFB5946324801F0B7FB01F013FD5446A9
:106AE000AFE600F049F935460124BCE5002001F08D
:106AF0003DFDA6E64FF0000BCDE90E33ADF840307A
:106B000003232E464FF005095F46D8468DF86030C6
:106B1000042C00F2FF80DFE814F00B0018002C00BA
:106B2000CB00FA0027460124F2E7A3462C46EFE704
:106B300001210EA801F01BFD0028F7D09DF8383088
:106B4000B342EFD01E460424E2E701210EA801F073
:106B50000EFD20B1022400279DF83890D8E70137B8
:106B6000FFB2092FE1D90190FDF7FCFE01988346A1
:106B7000DCE7B9F1050F00F29280DFE809F013437A
:106B800059697887DE190020DD190020DF190020FF
:106B9000E01900208319002000D0035000E00350CA
:106BA00000000A5004210EA801F0E1FCA0B94FF04A
:106BB000010B00200330C1B218A801F08DFCBBF11D
:106BC000000FB3D00137FFB2092FAED9FDF7CAFECF
:106BD0002C464FF0000B9BE7BDF838300EA85BBA8F
:106BE000ADF83830FFF754FB012328B98DF8623037
:106BF000CB468DF86180DDE78DF863008DF862800B
:106C00001846F5E705A8FFF7B5FA60B901238DF836
:106C100062309DF814308DF8633048468DF86180FD
:106C20004FF0000BC6E78DF862808DF86300F4E743
:106C300002210EA801F09BFC0028B8D00EA801F09C
:106C400065FC012328BB8DF862308DF86180E7E791
:106C500003210EA801F08BFC0028A8D0BDF8383025
:106C60000EA85BBAADF83830FFF7ECFAE9E703217C
:106C70000EA801F07CFC002899D0BDF838300EA891
:106C80005BBAADF83830FFF761FBDAE7FFF796FA49
:106C9000D7E78DF863008DF862801846D5E74FF08E
:106CA000000BFDF75FFE002001F060FC584681E715
:106CB0000D220DF1630119A8FFF770FBC0B100238D
:106CC0009DF86320D9B2914214D319A90846520005
:106CD00001F070FC01239DF8631018A8023199405F
:106CE00001F0FE018DF861308DF8623001F0F4FBA7
:106CF0005C460DE73AA901EB430131F9844C11F8E8
:106D0000830C013300EB042021F8840CDAE7FFF751
:106D100055FAE8E6002001F029FCF9E60022024BD2
:106D200083F87620704700BFFC16002001230E4A2E
:106D300092F876001380A0B192F86820092A0AD050
:106D40000A49984218BF4B70112A08BF01220B70E4
:106D500004BF074B1A700123064AD360A2F5804294
:106D6000D3600020704700BFFC160020E11900200E
:106D7000D319002000C0045070B502252E4B2F4CB3
:106D8000DD604FF6FF70FDF765FBE56001252C4ADD
:106D9000236B15634FF0FF326262DA0707D4204697
:106DA00001F089FA274B1D63236B9B07FCD4264D0A
:106DB00095F86830092B01D0022B09D10622234B0C
:106DC000C3F8A0201822C3F8A0201722C3F8D020AF
:106DD00000211F4801F038FA00211D4801F034FA63
:106DE00001F090FB002100240846FDF7ABFF194E8F
:106DF0001948A5F86C40FDF731FF01212046347099
:106E0000FDF7A0FF1448A5F87240FDF727FF95F89D
:106E100068307470092B85F8764007D0FDF7CCFEFA
:106E200095F86830112B04BF0C4B1C7001220C4BE1
:106E300000201A7070BD00BF00C0045000800450D4
:106E40000090045000A00450FC16002000E0035005
:106E500000000A50E119002064170020D319002017
:106E6000E419002030B50123124A022853701FD8BC
:106E700092F87630012B04D192F86A30012B08BFCA
:106E80000020322404FB0024638DE58D59B1A18DCF
:106E90002B449BB2994228BF1946322303FB0022A0
:106EA0000020518530BDAB4224BF591B89B2F4E7A5
:106EB0000D20F7E7FC16002070B50125174C0228BD
:106EC000657026D894F87650012D03D194F86A5055
:106ED000012D06D0012805D194F97C5015B1072663
:106EE00015E00020322505FB0045EE78A9832A84B1
:106EF000AB8486B90A4BB3FBF1F10623A16703FB10
:106F00000044EB8B0748A4F86C30FDF7A7FE304631
:106F100070BD0D26FBE70026F9E700BFFC16002038
:106F2000809698006417002070B50125134C022844
:106F300065701FD894F87650012D04D194F86A50EA
:106F4000012D08BF0020322505FB0045EE78E983BE
:106F50006A84EB8486B9AA8B094BB3FBF2F3A3676F
:106F6000062303FB00440748A4F86C10FDF776FEE7
:106F7000304670BD0D26FBE70026F9E7FC16002021
:106F800080969800641700200020014B58707047CD
:106F9000FC1600200122024B00205A70704700BFEF
:106FA000FC1600202DE9F04F93B0002302210122AE
:106FB000ADF834300E93837080F824307A4B017032
:106FC0001B788246427080F8221080F823202BB96B
:106FD00080F8441080F8452080F84630734B1B78C9
:106FE0003BB902228AF8662001228AF868308AF8C2
:106FF00067206F4B93F876200A920A996D4A1170B8
:107000001A7862B100202D27844693F868906A4A66
:107010000A9CC1B28C4227D80022654B1A70674B7C
:1070200000241A7802F0FF01002A00F07982DFF8CC
:107030008091614F4D463E46CB461C700DAB04938C
:107040000FAB01935E4B099403935E4B08935E4B29
:10705000CDE906A3E3B20593059A0A9B93425BD858
:10706000099813B0BDE8F08FB9F1090F93F802E069
:10707000DD781AD182F802E0557796461D46002445
:1070800007FB00FB91780191019EE1B28E422BD863
:107090004949CDF838C007FB0011323381F81BC0D5
:1070A00081F81CC001302D32B2E707FB00F81C8DBF
:1070B000414E04EB8404E40026F808409C8B06EB68
:1070C000080182F802E05577CC83DC8B0C841C8CA1
:1070D0004C845C8C8C849C8CCC84DC8C0C8593F8EC
:1070E000301082F82C10C8E70626297906FB04B870
:1070F0008EF80310E988B9F1090F18BF01EB81017F
:107100002D4E1CBFC90089B2B044A8F80510013447
:1071100006350EF1060EB7E72D236343F25AF11838
:1071200012B3013A91B20129F25205D1059B8AF8B6
:10713000693000238AF86A30049B013401330493D8
:10714000019B2D3702330193039B09F1060901339B
:107150000393089B323501330893079B0133079350
:10716000069B2233069375E7BA7895F802809BF860
:107170000130A8EB02085FFA88F823B9B1F91B3097
:107180000133A1F81B3032230621634301FB08338E
:1071900007490B441B79013B032B34D8DFE813F07C
:1071A0001600BF0042015501DE190020DD19002044
:1071B000FC160020E8190020E9190020E51900203C
:1071C000E6190020E1190020D31900209BF868304F
:1071D000698D022B4FF02D0340F08F80002900F0C5
:1071E00089809C48007801287CD16343F218B2F969
:1071F0001B205143062202FB08333344B3F8053009
:10720000B1FBF3F10E910E98059980B2FDF79AFD4E
:107210009BF86830092B00F02E81112B00F02B8198
:1072200032230622634302FB08335B441B79022BA3
:1072300035D1079B1B78012B31D1874B40F2FF31B1
:1072400033F814204FF47A735A4312AB03EB8403E0
:1072500043F8082C53F8082CB2FBF1F243F8082C41
:107260000E9A642A40F20481462153F8082C0E9BA2
:107270004B436421B3FBF1F39A4280F0F98095F817
:107280003230012B0BD1089B1B78012B07D1039BBC
:10729000039A1B78013313700023079A1370039B22
:1072A0001B78042B40F2E780042301228AF8473040
:1072B000059B6A4913441340C95C8AF84620052996
:1072C0008CBF022199F86A108AF8481064490A7044
:1072D000002208990A706349CA5403990A705F49E9
:1072E000CA54C8E0002103FB0463013AD976197738
:1072F000BA7088E703FB0463F7E76343F218B2F957
:107300001B205143062202FB08333344B3F80530F7
:10731000B1FBF3F101230E91019A537073E7002240
:107320004C4B1A707B7F012B40D12D2206236243E8
:1073300003FB08233344B3F805E032444FEA5E030D
:107340000293B2F91B100FFA81FC9C450A4637DA0A
:10735000591A09B2002918DD2B8CA88B4249B1FBC0
:10736000F0F0B1FBF3F1029B091A91FBF3F10CFB76
:107370000101E88BCBF87810698C091A11FB02F136
:1073800091FBF3F10144A9F86C10029B9C4522DCAF
:10739000F44508D1AA8C344BB3FBF2F3CBF8783028
:1073A000EB8CA9F86C303148FDF758FC6B8D062248
:1073B0000E933223634302FB08335B441B79ABE734
:1073C000E3D12A8C284BB3FBF2F3CBF878306B8CEB
:1073D000A9F86C30DCE792B2AEEB020109B20029E9
:1073E000D6DDAB8C288C2049B1FBF0F0B1FBF3F17A
:1073F000029B091AACEB03030B93029B91FBF3F185
:107400000B9B01FB0301688C029BCBF87810E98C85
:10741000D21A091A11FB02F292FBF3F20244A9F804
:107420006C20B5E72D2306206343F21800FB0833D8
:10743000698DB2F91B2033444A43B3F80530B2FBDF
:10744000F3F2891A03230E9166E700230E930423B7
:1074500062E700BFE419002060190020E61900204F
:10746000DE190020E11900208096980064170020A2
:107470000023039A13702D2306206343F11800FBA9
:1074800008333344B3F8053001F11802B1F91B1089
:1074900099421ADB00230199D370137199F86A207D
:1074A000BB780A7001220499013BDBB2BB700A7001
:1074B0005BB91C4B1B78934218BFAB78BB7097F835
:1074C0002C30FF2B1BD101230993049B1B78002B2D
:1074D0003FF432AE144B5B6F5B067FF52DAE00239D
:1074E000049A1370019B069A1B78D370019B5B78FA
:1074F0001371059A01238AB90C4A13701CE6013BEB
:10750000DBB287F82C30002BDDD14FF001088BF86F
:107510000180FFF731FCCDF82480D6E7044AECE780
:1075200009919DE5E319002000C00350DF190020F8
:10753000E01900202DE9F0418D4C94F87630012BB4
:1075400084BF03F1FF3384F876300278012A00F219
:107550008D82062394F8765003FB054181F86A205A
:107560004278152A00F28482002D55D184F86820D3
:107570003223827803FB0543003A18BF012283F8C7
:107580003220427E94F86860002A08BFFF22092E4C
:1075900083F830200789828949D102267549CE6057
:1075A00000211985002F3DD00121DF8019710B4684
:1075B000468956B132210627694307FB031102278A
:1075C000214401330F71CE80DBB252B13221062645
:1075D000694306FB03110426214401330E71CA805E
:1075E000DBB23222A370838A02FB0545232B08BF3E
:1075F000242300226B85C38AAA832A84AA84EA836F
:107600006A84EA84AB85037EE270EB85C378012B44
:107610000AD184F87C3009E094F868109142A7D030
:107620001846A3E03B46C3E7022BF2D0FFDE002D55
:1076300040F0AA80BA42B0F810804389B0F80EE05A
:10764000B0F812C040F08A80904540F087807345C2
:1076500040F08480BCEB030118BF0121A783228482
:10766000A4F82480E383A4F822E0A4F826C0E17003
:10767000C378238503791BB10122E380134622716D
:1076800047793FB10622022102FB03420133117107
:10769000D780DBB2817949B106224FF0030C02FB9F
:1076A0000342013382F804C0D180DBB2C17949B111
:1076B00006224FF0040C02FB0342013382F804C09F
:1076C000D180DBB2022EDFF8BCC049D106214FF0D9
:1076D000010E5A1ED2B201FB024282F804E0D680AB
:1076E00001FB034273441671D780DBB28CF800E0D3
:1076F000A370322303FB0543828A5A85C28A9A8586
:10770000027EDA85626A1C4B9A4207D0B4F8563082
:10771000962B05D1B4F85830322B01D19523A38490
:10772000A28C164B1648B3FBF2F33222A367062352
:1077300002FB054203FB0543D28CA3F86C206B1CB3
:1077400084F87630FDF78AFA002800F03F8194F83B
:1077500076300A20013B84F8763007E001217DE78E
:1077600000228CF80020002BC2D10920BDE8F08156
:10777000FC16002000C0045096003200809698004D
:1077800064170020E3190020E178012940F09D8072
:10779000B0F810E04189C689B0F812C0BEF1960F6A
:1077A0009F831A84A3F824E0D9835E84A3F826C0BB
:1077B00006D1BCF1320F04BF4FF0950CA3F824C0E2
:1077C000962A05D1322E02BF952306FB0546338447
:1077D000962F05D1322902BF952301FB05418B83EA
:1077E000322303FB0543A68B998BB14207D1278C2B
:1077F000198C8F4203D1A78C998C8F425FD0238C38
:107800009A420FD3FF2184F87C10322101FB0541FD
:10781000098CB1FBF2F702FB171189B2002949D09C
:107820000720A3E7012184F87C10B3FBF2F102FBEF
:1078300011339BB2002BF3D184F87D10322202FB6E
:107840000542238C96831384A38C9384C378138579
:1078500003791BB10121D3800B461171417951B1DC
:10786000322206266A4306FB032202262244013303
:107870001671D180DBB2817951B1322206266A437A
:1078800006FB03220326224401331671D180DBB2AA
:10789000C17951B1322206266A4306FB032204262F
:1078A000224401331671D180DBB2322202FB054241
:1078B00093701EE7B2FBF3F384F87D30BEE701223C
:1078C000DA70002384F87C30B8E7BA4240F0D28006
:1078D000068A964240F0CE804289C1898A4240F0B1
:1078E000C980478ABA4240F0C580962E9E831E8486
:1078F0009E84DA835A84DA8411D1322A04BF952611
:107900009E84322909D1952301FB05410B84322342
:10791000952203FB05439A8301E0322AF7D03222F5
:1079200002FB0542A78B968B218CB742138C09D1A1
:107930008B4207D1A68C928C96423FD1002384F8CB
:107940007C300EE08B4239D2012284F87C20B1FBDE
:10795000F3F203FB12139BB2002B7FF461AF84F8A8
:107960007D20322202FB0542C378138503791BB1C7
:107970000121D3800B461171417951B13222062683
:107980006A4306FB03220226224401331671D1808A
:10799000DBB2817951B1322206266A4306FB03220B
:1079A0000326224401331671D180DBB2C17900294C
:1079B0007FF470AF002B7FF478AFD6E6FF2284F817
:1079C0007C20B3FBF1F201FB1233C4E7226A2A4B9D
:1079D0009A4207D0B4F85230962B05D1B4F85430FF
:1079E000322B01D195232384228C244B2448B3FBD2
:1079F000F2F33222A367062302FB054203FB054391
:107A0000528CA3F86C20FDF729F900287FF49FAE73
:107A1000E269194B9A4207D0B4F85230962B05D13F
:107A2000B4F85430322B01D19523A383A28B134B8E
:107A30001348B3FBF2F33222A367062303FB05438B
:107A400002FB0545EA8BA3F86C20FDF707F9002837
:107A50007FF47DAE94F86830022B02D0092B7FF4BE
:107A600085AE0023E37084F835307FE602207DE6A2
:107A700005207BE60C2079E696003200809698007F
:107A8000641700200123024A1370024A53617047B1
:107A9000E519002000E0045053B94AB9002908BF95
:107AA00000281CBF4FF0FF314FF0FF3000F082B9CB
:107AB000ADF1080C6DE904CE00F006F8DDF804E045
:107AC000DDE9022304B070472DE9F04F099D04461B
:107AD0000F46002B48D18A42944661D9B2FA82F30C
:107AE00043B1C3F120019F4002FA03FC9C4020FAFD
:107AF00001F10F434FEA1C411FFA8CFE220CB7FB29
:107B0000F1F601FB167706FB0EF042EA07429042BF
:107B100008D91CEB020206F1FF3702D2904200F2B4
:107B200037813E46121AA4B2B2FBF1F001FB1022DB
:107B300000FB0EFE44EA0244A64508D91CEB0404EF
:107B400000F1FF3202D2A64500F21C81104640EA45
:107B50000640A4EB0E0400261DB1DC400023C5E95D
:107B600000433146BDE8F08F8B4209D9002D00F06B
:107B7000FD800026C5E9000130463146BDE8F08FA2
:107B8000B3FA83F6002E4BD18B42C0F0F2808242D2
:107B900040F2EF803046002DE3D0C5E90047E0E732
:107BA00002B9FFDEB2FA82F3002B40F09D80891A01
:107BB0004FEA124E97B20126200CB1FBFEF20EFBEB
:107BC000121140EA014107FB02F088420FD91CEB79
:107BD000010102F1FF382CBF4FF001094FF00009FD
:107BE000884203D9B9F1000F00F0CF804246091A4C
:107BF000A4B2B1FBFEF00EFB101100FB07F744EA44
:107C00000144A74208D91CEB040400F1FF3102D261
:107C1000A74200F2B4800846E41B40EA02409BE71A
:107C2000C6F12007B34001FA06F422FA07FCF94036
:107C3000B2404CEA030C20FA07F34FEA1C491C43FC
:107C40001FFA8CFE00FA06F3200CB1FBF9F809FBD1
:107C5000181140EA014108FB0EF088420FD91CEBD5
:107C6000010108F1FF3A2CBF4FF0010B4FF0000B60
:107C7000884203D9BBF1000F00F08D80D046091A6D
:107C8000A4B2B1FBF9F009FB101100FB0EFE44EAAF
:107C900001418E4507D91CEB010100F1FF3401D2EF
:107CA0008E457FD8204640EA0840A1EB0E01A0FB9C
:107CB000029841454C46C64602D306D14B4504D2F4
:107CC0000138B9EB020468EB0C0E002D70D01A1BC2
:107CD00061EB0E0122FA06F301FA07F7F1400026E4
:107CE0001F43C5E900713CE702FA03FCC3F1200021
:107CF00001FA03F221FA00F64FEA1C4E24FA00F1D1
:107D00001FFA8CF79C401143B6FBFEF00A0C0EFBE9
:107D1000106642EA064200FB07F696420ED91CEBBB
:107D2000020200F1FF382CBF4FF001094FF00009AB
:107D3000964202D9B9F1000F31D04046921B89B268
:107D4000B2FBFEF60EFB162241EA024106FB07F2E9
:107D50008A4207D91CEB010106F1FF3801D28A42A1
:107D600023D84646891A46EA004625E72E46284685
:107D7000F7E6841A61EB030301201F460BE7644416
:107D8000023849E764440238E1E6023A61442EE7EA
:107D9000023E6244C6E6A8F1020861446FE7023879
:107DA0006244CBE7023861447DE7023E6144D9E793
:107DB0002E46D6E6704700BF08B5074B044613B100
:107DC000002100E000BF054B1868836A03B19847A3
:107DD000204600F039FB00BF00000000AC8B00081B
:107DE00070B50D4D00260D4C641BA410A64209D1A0
:107DF0000B4D00260B4C00F003FC641BA410A642A4
:107E000005D170BD55F8043B01369847EEE755F8AB
:107E1000043B01369847F2E7D8120020D812002020
:107E2000D8120020DC12002030B58BB06C46174D04
:107E30000FCD0FC40FCD0FC495E8030084E80300F5
:107E4000134BD3F84C21120317D4D3F85041E4B2AA
:107E50008DF81940F9F71EFC204480F308008DF8D6
:107E600018000C48FCF7EAF86846F9F7F5FA3220F2
:107E7000F9F716FC00200BB030BD074B1C884FF6FD
:107E8000FF739C4208BF8C24E2E700BFB08B000860
:107E90000080E00FC01753020001E00F38B5F8F77B
:107EA0007DFA0446F0B9F8F7C5FBF8F7D9FA4FF4B4
:107EB000167343430C4803F5742303F23F23B3FBCB
:107EC000F0F30A4A0A4913600A220D680948013A88
:107ED00012F0FF0240F8043BF9D103EBC3022B443C
:107EE00013440B60204638BD40420F00B0170020FD
:107EF000801700208417002010B5F8F7B1FA044667
:107F000000F0B4FA844207D900F0D5F820B101227C
:107F1000024B1860024B1A7010BD00BFAC17002056
:107F2000431A0020F8B5204D2B780BB300F0B7F8BA
:107F30001E4B1F4E1B681F4CC01A012838BF012062
:107F40003060F8F78DFA4FF41673584300F574203B
:107F500000F23F20B0FBF4F43368A34203D9C721F9
:107F6000154800F070FA3168A14202D900232B7045
:107F7000F8BD124C124E2378124F56F8232046F8C3
:107F80002310501A0A213A680133121A3A60093252
:107F9000B2FBF1F20C48DBB20260B3FBF1F201FB81
:107FA00012332370E2E700BF431A0020AC17002011
:107FB0007C17002040420F00D88B0008441A002094
:107FC0008417002080170020B017002010B5202350
:107FD0004FF4801204210F4C0F4884F82D330F4BBF
:107FE0005A660F4B03F500525067516710671167CF
:107FF0004FF40052C4F88421626003F58052506748
:1080000051679A6A22F000729A629A6A42F4805228
:108010009A6210BD00E100E0010000A00090005055
:108020000040005A10B5154B1C6F14F004020FD01D
:1080300003F500531A6708229A62FFF75DFF00E01C
:1080400000BF00E000BF0120F8F7BCFA00F035F8EF
:10805000E30706D501220A4B1A67FFF763FF00E02A
:1080600000BF14F000521CBF054B1A67002CBEBFA6
:108070004FF00042024B1A6710BD00BF0040005A8B
:108080000060005A08B5FCF78BF800F0F2F900F038
:10809000F2F900F0F7F9BDE8084000F0F4B938B59E
:1080A00000F095F80546F8F7DDFA0446284600F09A
:1080B00094F8204638BD00F02CB800F03BB8002101
:1080C0000846F8F71FBC00F00101830748BF41F0E4
:1080D00002010020F8F7DCBB38B500F078F8044660
:1080E0000020F8F7FFFB830700F0010548BF45F0CB
:1080F000020500F003010020F8F7E6FB2846F8F738
:10810000B5F92046BDE8384000F067B83E20F8F7E2
:1081100035BF08B50020F8F7E5FB10F0080008D0DF
:1081200000200821F8F7D0FBBDE808400020F8F750
:1081300017BC08BD04210020F8F7C6BB70B5054682
:1081400014460E4600F03CF8296881EA040202EA6F
:1081500006044C402C60BDE8704000F035B808B50E
:10816000FBF762FFBDE808400021F8F7AFBE002929
:10817000CCBF01210021F8F7A9BE02214FF42070E5
:10818000F9F794BA08B501210220F9F78FFEFFF73D
:10819000E6FFBDE80840FFF7F0BF10B5FBF732FF80
:1081A0000446F8F7EDFBC0F102012046FFF7DFFFC0
:1081B00001210020F9F7D2FEBDE81040F9F7F0BA2E
:1081C000EFF3108072B6704700B962B67047EFF3F4
:1081D0001180302383F31188704780F31188704732
:1081E00070477047436D0B42FCD1704708B5436838
:1081F000DA0714D58368DB0702D50369D90707D5E9
:108200000A2350218363FFF7EDFF836C9A07FCD1AB
:10821000012200F500535A6043689B07FCD408BD57
:10822000C36813F0F04F05D1836C1906FCD5C06B01
:10823000C0B27047C36BC26C920601D4D8B270470B
:10824000836C1B06FCD5F2E7836C5B06FCD54164AE
:10825000704770B5054614460E46FFF7B1FF296812
:1082600081EA040202EA06044C402C60BDE870403A
:10827000FFF7AABF10B5022A4FF0000405D9033A50
:10828000022A0CD90360047110BD11F4000218BF5A
:108290004FF07F4221F07F4313430C0EF2E721F0B1
:1082A000FF03CCB2EEE708B50A6F496F02F0070290
:1082B000FFF7E0FF08BD036BDA0702D503695B0631
:1082C000F9D470470123816480F8543070472DE958
:1082D000F34104460B46E27B94F80BC0007A677AC0
:1082E000A57A217B94F80D80A67B84F844C084F89D
:1082F0004520002B3DD0237F0BBB04220193FAF7CE
:10830000B3FA019B012241463846FAF7ADFAA27F43
:108310003146012A8CBF0123019B04222846FAF72B
:10832000A3FAE37F3BB90123042294F8451094F8A3
:108330004400FAF799FA002002B0BDE8F08100236A
:108340000122FAF791FA0023042241463846FAF74F
:108350008BFAA37F0222012B94BF00230123314615
:108360002846FAF781FAE37F002BE4D101230222A9
:10837000DBE702220193FAF777FA019B02224146DA
:108380003846FAF771FAA27F3146012A8CBF0123E1
:10839000019B02222846FAF767FAE37F002BCAD135
:1083A0001A46C2E710B504460021F9F7A5FE20469B
:1083B000BDE810400521F9F79FBE10B50446162010
:1083C000F9F72CFD30B994F85430002BFBD005E0C0
:1083D000FBF74AFD94F85430002BF9D010BD10B5CE
:1083E00088B00E9C009207940D9C024606949DF85E
:1083F000304005940B9C04949DF82840039400247D
:10840000CDE9013420460B462146FBF70BFC08B0B2
:1084100010BD10B588B00E9C009207940D9C0246CA
:1084200006949DF8304005940B9C04949DF82840D8
:1084300003940024CDE9013420460B460121FBF7CB
:10844000F1FB08B010BDFEE7FEE7FEE710B53AB15C
:10845000002350F8234041F8234001339A42F8D1D9
:1084600010BD002070474FF4004070474FF47A7001
:108470007047FBF7DDBE08B5F7F790FFBDE8084091
:10848000FFF70CBD70477047FAF7E0BE07B50190E3
:10849000FAF7DCFE10224FF07E61019803B05DF820
:1084A00004EB00F087B81FB56C4684E80F00FAF7BC
:1084B000CDFE4FF07E6000F0B7F8102221464FF05D
:1084C0007E6000F0A9F804B010BD08B5FCF74AFAC8
:1084D000BDE80840FBF7F0BF08B550B132290AD813
:1084E00009B9002008BDFCF735F80028F9D00320B1
:1084F000F8E70120F6E70220F4E7704705210320A2
:10850000FCF7A4BA05210320FCF7C4BA08B54378E8
:10851000012B27D80378022B26D8012B4FF0060019
:108520000ED0022B12D0FDF7F5FD0820FDF7F2FD6D
:108530000520FDF7EFFD0720FDF7ECFD002008BD4D
:10854000FDF700FE0820FDF7FDFDF1E7FDF7E2FD78
:108550000820FDF7DFFD0520FDF7F4FD0720FDF7FE
:10856000F1FDEBE70A20EAE70B20E8E7704737B5B3
:108570000DF107020D46FCF705FA044638B1FCF789
:10858000F1F9A0B2FFF7F2FF002003B030BD9DF873
:108590000730AB4234BF00200120F6E708B5FFF7F3
:1085A00071FDFCF74DF9FEF7B9FBFDF71DFEFEF777
:1085B00055F8FEE70A44431E914200D1704710B5BA
:1085C00011F8014B914203F8014FF9D110BD02445B
:1085D0000346934200D1704703F8011BF9E7FFF708
:1085E000F5BCFFF71FBD0000000000000000000008
:1085F000000000000000000000000000000000007B
:10860000F8B500BFF8BC08BC9E467047F8B500BF7F
:10861000F8BC08BC9E46704701B40248844601BCC1
:10862000604700BF2D12002001B40248844601BCFF
:10863000604700BF71110020000000000000000032
:10864000000000000000000000000000000000002A
:10865000000000000000000000000000000000001A
:108660002E2E2F6765636B6F5F73646B5F342E34E0
:108670002E312F706C6174666F726D2F7365727618
:108680006963652F7564656C61792F7372632F73ED
:108690006C5F7564656C61792E63002E2E2F6765A3
:1086A000636B6F5F73646B5F342E342E312F706C8D
:1086B0006174666F726D2F736572766963652F736F
:1086C0006C65657074696D65722F7372632F736C5E
:1086D0005F736C65657074696D65722E630001036C
:1086E00010010109032E2E2F6765636B6F5F7364A2
:1086F0006B5F342E342E312F706C6174666F726D27
:108700002F7065726970686572616C2F7372632F68
:108710007065726970686572616C5F737973727489
:10872000632E63002E2E2F6765636B6F5F73646B20
:108730005F342E342E312F706C6174666F726D2F22
:10874000656D6C69622F7372632F656D5F636D7504
:108750002E6300000302060105040302060105045E
:108760000201032E2E2F6765636B6F5F73646B5F6F
:10877000342E342E312F706C6174666F726D2F65DC
:108780006D6C69622F7372632F656D5F636F7265C5
:108790002E63002E2E2F6765636B6F5F73646B5FB4
:1087A000342E342E312F706C6174666F726D2F65AC
:1087B0006D6C69622F7372632F656D5F656D752EC9
:1087C00063002E2E2F6765636B6F5F73646B5F347E
:1087D0002E342E312F706C6174666F726D2F656D43
:1087E0006C69622F7372632F656D5F65757361725B
:1087F000742E6300433A5C55736572735C656274F2
:108800005C446F63756D656E74735C586176696501
:10881000725C4669726D776172655C53696D706CEC
:1088200069636974795C504F445F5354494D5C6788
:1088300065636B6F5F73646B5F342E342E315C70D5
:108840006C6174666F726D5C656D6C69625C696E9B
:10885000632F656D5F6770696F2E68002E2E2F671E
:1088600065636B6F5F73646B5F342E342E312F70D2
:108870006C6174666F726D2F656D6C69622F7372B7
:10888000632F656D5F6770696F2E63002E2E2F67F3
:1088900065636B6F5F73646B5F342E342E312F70A2
:1088A0006C6174666F726D2F656D6C69622F737287
:1088B000632F656D5F696164632E63000000804112
:1088C00000000042000080420000B8420000004367
:1088D00000008043BA04E204C409B80B60092E2EDC
:1088E0002F6765636B6F5F73646B5F342E342E315B
:1088F0002F706C6174666F726D2F656D6C69622F7D
:108900007372632F656D5F6C646D612E6300433A13
:108910005C55736572735C6562745C446F63756DFE
:10892000656E74735C5861766965725C4669726DD8
:10893000776172655C53696D706C69636974795CA9
:10894000504F445F5354494D5C6765636B6F5F7371
:10895000646B5F342E342E315C706C6174666F72A0
:108960006D5C656D6C69625C696E632F656D5F62DD
:1089700075732E68002E2E2F6765636B6F5F7364AF
:108980006B5F342E342E312F706C6174666F726D94
:108990002F656D6C69622F7372632F656D5F6D73E8
:1089A000632E63002E2E2F6765636B6F5F73646B9E
:1089B0005F342E342E312F706C6174666F726D2FA0
:1089C000656D6C69622F7372632F656D5F70727372
:1089D0002E63002E2E2F6765636B6F5F73646B5F72
:1089E000342E342E312F706C6174666F726D2F656A
:1089F0006D6C69622F7372632F656D5F74696D654D
:108A0000722E63002E2E2F6765636B6F5F73646B2E
:108A10005F342E342E312F706C6174666F726D2F3F
:108A2000656D6C69622F7372632F656D5F7573611D
:108A300072742E63002E2E2F6765636B6F5F7364F5
:108A40006B5F342E342E312F706C6174666F726DD3
:108A50002F656D6472762F7370696472762F7372EE
:108A6000632F7370696472762E630000000000004B
:108A700001000000000000000000000001000000F4
:108A800000000000000000000104000005000000DC
:108A90000000000080969800020100000000000025
:108AA000050000000000000040420F00050100002A
:108AB0000000000000000000000000001E00000395
:108AC000000003020000000000000000BA040000E3
:108AD0000000000000000302000000000000000091
:108AE000BA04000000000000433A5C5573657273DD
:108AF0005C6562745C446F63756D656E74735C581D
:108B000061766965725C4669726D776172655C5306
:108B1000696D706C69636974795C504F445F53543C
:108B2000494D5C6765636B6F5F73646B5F342E34B4
:108B30002E315C706C6174666F726D5C656D6C6912
:108B4000625C696E632F656D5F74696D65722E6816
:108B500000000000050000000000000000C201004D
:108B600000020003003000000000000000000000D0
:108B70000000000000060C12181E242A30353A3F6F
:108B800044484D5054575A5C5F606263636463634A
:108B900062605F5C5A5754504D48443F3A35302A22
:108BA000241E18120C06000240000000581000207D
:108BB0000B0000000C00000003000000000020205B
:108BC00000000000020000003C3C3C0000000000EF
:108BD00000000000000000002E2E2F6765636B6F01
:108BE0005F73646B5F342E342E312F706C6174664A
:108BF0006F726D2F736572766963652F6866786F23
:108C00005F6D616E616765722F7372632F736C5F46
:108C10006866786F5F6D616E616765722E630000D4
:088C20009875FF7F01000000C0
:0C8C2800348C000800100020B800000090
:108C3400C0EA2101C0EA2101C017530200800000EC
:108C44008C14002000000A500001000205000609EF
:108C54008096980008000000000000000001010058
:108C6400010000001015002000C00550010101039F
:108C74000301020300D00700080000000000000008
:108C840000010000000000000000000000000000DF
:108C940000000000000000000000000000000000D0
:108CA40000000000000000000000000000000000C0
:108CB40000000000000000000000000000000000B0
:108CC40000000000000000000000000000000000A0
:108CD4000000000000000000000000000000000090
:108CE4000000000000000000FFFF01000000000081
:108CF400000000000000000000000100000000006F
:108D04000000000000000000000001280202010031
:108D1400F0B5114A114C124E00F00105E3695F07EA
:108D240013D40DB9334213D103EA00078F4207D19C
:108D34000B4A1A40002A14BF6FF001000020F0BD56
:108D4400013AEBD16FF00200F9E74FF0FF30F6E79C
:108D54006FF00100F3E700BF809698000000035015
:108D64000200010070B50B4BD96911F480310DD1AB
:108D740001244FF48072084E084DF46020462C64A0
:108D84001A61FFF7C5FF3464EC6070BD6FF0010039
:108D9400FBE700BF00000350001003500020035005
:108DA40070B5C0F30C03054623B14FF406711148A6
:108DB40000F0A2F84FF480320F4B104C9A66E6692B
:108DC40041F6713316400122E3630D4B0021DA6052
:108DD4000223656121202361FFF79AFF10B9212046
:108DE400FFF796FF0122074BDA600EB10023E3631D
:108DF40070BD00BF7589000800900050000003504A
:108E0400001003500020035070B5134C6061E369F7
:108E14005B071ED40E4656F8043B8D18A361AE4280
:108E24000BD10423002121202361FFF771FF58B9DE
:108E3400BDE870402120FFF76BBF08210846FFF70B
:108E440067FF10B10423236170BD56F8043BA3618E
:108E5400E5E74FF0FF30F7E7000003502DE9F84352
:108E6400154682070F46064604D04FF419711E4872
:108E740000F042F8AB0704D040F266211A4800F033
:108E84003BF84FF48032194BDFF868909A6603F58B
:108E94001C33DA6902F4803841F67132DA63012254
:108EA40003F58053DA6065B928460122104BDA6075
:108EB400B8F1000F03D00022A3F50053DA63BDE834
:108EC400F88306F5005404EA0904A41BAC4228BF45
:108ED4002C46394622463046FFF796FF0028E4D157
:108EE400264427442D1BDEE77589000800900050B6
:108EF4000020035000E0FFFF01B40248844601BC97
:108F0400604700BF478400089D01000879010008FC
:0400000508003EF9B8
:00000001FF
